path,filename,extension,width,height,bytes
assets/a_cozy_bistro_evening_atmosphere.jpg,a_cozy_bistro_evening_atmosphere.jpg,jpg,800,1000,140930
assets/a_cozy_evening_offering_sukiyaki_dinner.jpg,a_cozy_evening_offering_sukiyaki_dinner.jpg,jpg,800,1000,140930
assets/a_large_collage_grid_of_portrait_style_illustrat.jpg,a_large_collage_grid_of_portrait_style_illustrat.jpg,jpg,800,1000,140930
assets/a_romantic_afternoon_walk_through_the_park.jpg,a_romantic_afternoon_walk_through_the_park.jpg,jpg,800,1000,140930
assets/a_romantic_moment_in_a_mall.jpg,a_romantic_moment_in_a_mall.jpg,jpg,1536,864,432324
assets/a_tense_dinner_in_the_city.jpg,a_tense_dinner_in_the_city.jpg,jpg,1536,864,361318
assets/a_warm_moment_in_the_city.jpg,a_warm_moment_in_the_city.jpg,jpg,800,1000,140930
assets/airi_phone_call_soft.jpg,airi_phone_call_soft.jpg,jpg,1024,1536,282725
assets/airi_phone_reflection.jpg,airi_phone_reflection.jpg,jpg,1024,1536,282725
assets/airi_texting_ren_room.jpg,airi_texting_ren_room.jpg,jpg,1536,864,270707
assets/airi_texting_train_close.jpg,airi_texting_train_close.jpg,jpg,710,1536,163442
assets/aquarium_tunnel_stroll_with_a_serene_gaze.jpg,aquarium_tunnel_stroll_with_a_serene_gaze.jpg,jpg,800,1000,154036
assets/calm_professional_in_hospital_corridor.jpg,calm_professional_in_hospital_corridor.jpg,jpg,800,1000,140930
assets/campus_courtyard_transition.jpg,campus_courtyard_transition.jpg,jpg,800,1000,140930
assets/campus_festival_invitation_on_a_sunny_day.jpg,campus_festival_invitation_on_a_sunny_day.jpg,jpg,800,1000,140930
assets/candlelit_kiss_in_a_cozy_apartment.jpg,candlelit_kiss_in_a_cozy_apartment.jpg,jpg,800,1000,140930
assets/casual_elegance_in_a_gallery_setting.jpg,casual_elegance_in_a_gallery_setting.jpg,jpg,800,1000,140930
assets/casual_gamer_vibe_character_portrait.jpg,casual_gamer_vibe_character_portrait.jpg,jpg,800,1000,140930
assets/cherry_blossoms_and_tender_hearts.jpg,cherry_blossoms_and_tender_hearts.jpg,jpg,800,1000,140930
assets/chocolates_at_the_doorstep.jpg,chocolates_at_the_doorstep.jpg,jpg,800,1000,140930
assets/confident_elegance_in_neutral_tones.jpg,confident_elegance_in_neutral_tones.jpg,jpg,800,1000,140930
assets/confident_style_in_casual_streetwear.jpg,confident_style_in_casual_streetwear.jpg,jpg,800,1000,140930
assets/contemplating_the_city_lights.jpg,contemplating_the_city_lights.jpg,jpg,800,1000,140930
assets/contemplating_the_night_in_luxury.jpg,contemplating_the_night_in_luxury.jpg,jpg,1536,864,318530
assets/contemplation_in_dark_elegance.jpg,contemplation_in_dark_elegance.jpg,jpg,800,1000,140930
assets/contemplative_evening_dinner_in_the_city.jpg,contemplative_evening_dinner_in_the_city.jpg,jpg,1536,864,361318
assets/contemplative_evening_in_a_modern_workspace.jpg,contemplative_evening_in_a_modern_workspace.jpg,jpg,1536,864,318530
assets/contemplative_night_in_the_city.jpg,contemplative_night_in_the_city.jpg,jpg,800,1000,140930
assets/contemplative_night_in_urban_solitude.jpg,contemplative_night_in_urban_solitude.jpg,jpg,800,1000,140930
assets/contemplative_night_ride_in_the_city.jpg,contemplative_night_ride_in_the_city.jpg,jpg,800,1000,140930
assets/cozy_dinner_under_city_lights.jpg,cozy_dinner_under_city_lights.jpg,jpg,800,1000,140930
assets/cozy_evening_coffee_shop_moment.jpg,cozy_evening_coffee_shop_moment.jpg,jpg,800,1000,140930
assets/cozy_evening_cuddle_in_soft_light.jpg,cozy_evening_cuddle_in_soft_light.jpg,jpg,800,1000,140930
assets/cozy_evening_in_a_modern_apartment.jpg,cozy_evening_in_a_modern_apartment.jpg,jpg,800,1000,140930
assets/cozy_evening_with_city_views.jpg,cozy_evening_with_city_views.jpg,jpg,800,1000,140930
assets/cozy_game_night_in_city_apartment.jpg,cozy_game_night_in_city_apartment.jpg,jpg,800,1000,140930
assets/cozy_game_night_in_city_lights.jpg,cozy_game_night_in_city_lights.jpg,jpg,1536,864,436122
assets/cozy_game_night_in_the_city.jpg,cozy_game_night_in_the_city.jpg,jpg,1536,864,454637
assets/cozy_game_night_with_a_city_view.jpg,cozy_game_night_with_a_city_view.jpg,jpg,1536,864,415429
assets/cozy_night_in_a_warm_kitchen.jpg,cozy_night_in_a_warm_kitchen.jpg,jpg,800,1000,140930
assets/cozy_portrait_of_a_relaxed_man.jpg,cozy_portrait_of_a_relaxed_man.jpg,jpg,800,1000,140930
assets/cozy_study_date_in_warm_lights.jpg,cozy_study_date_in_warm_lights.jpg,jpg,800,1000,140930
assets/doctor_in_hospital_corridor_at_night.jpg,doctor_in_hospital_corridor_at_night.jpg,jpg,800,1000,140930
assets/elegant_evening_shopping_ambiance.jpg,elegant_evening_shopping_ambiance.jpg,jpg,1536,864,434489
assets/emotional_moment_at_minoo_station.jpg,emotional_moment_at_minoo_station.jpg,jpg,800,1000,140930
assets/empty_japanese_station.jpg,empty_japanese_station.jpg,jpg,800,1000,140930
assets/empty_osaka_alley.jpg,empty_osaka_alley.jpg,jpg,800,1000,140930
assets/evening_conversation_on_the_veranda.jpg,evening_conversation_on_the_veranda.jpg,jpg,800,1000,140930
assets/festival_romance_by_the_motorcycle.jpg,festival_romance_by_the_motorcycle.jpg,jpg,800,1000,140930
assets/friend_camille_phone.jpg,friend_camille_phone.jpg,jpg,1024,1536,282725
assets/friend_jade_phone.jpg,friend_jade_phone.jpg,jpg,1024,1536,282725
assets/friend_tessa_phone.jpg,friend_tessa_phone.jpg,jpg,1024,1536,282725
assets/golden_hour_romance_in_the_mall.jpg,golden_hour_romance_in_the_mall.jpg,jpg,1536,864,432324
assets/golden_hour_stroll_by_the_river.jpg,golden_hour_stroll_by_the_river.jpg,jpg,800,1000,140930
assets/golden_hour_stroll_in_the_park.jpg,golden_hour_stroll_in_the_park.jpg,jpg,800,1000,140930
assets/harrison_bad_empty_space_between_us.jpg,harrison_bad_empty_space_between_us.jpg,jpg,1672,941,524660
assets/harrison_bittersweet_airport_goodbye.jpg,harrison_bittersweet_airport_goodbye.jpg,jpg,1672,941,484355
assets/harrison_cafe_conversation.jpg,harrison_cafe_conversation.jpg,jpg,1086,1448,276614
assets/harrison_city_dinner.jpg,harrison_city_dinner.jpg,jpg,800,1000,195498
assets/harrison_domestic_good_ending.jpg,harrison_domestic_good_ending.jpg,jpg,800,1000,195498
assets/harrison_girlfriend_ask.jpg,harrison_girlfriend_ask.jpg,jpg,1086,1448,357365
assets/harrison_museum_date.jpg,harrison_museum_date.jpg,jpg,1086,1448,277519
assets/harrison_park_first_date.jpg,harrison_park_first_date.jpg,jpg,1086,1448,323419
assets/harrison_park_walk.jpg,harrison_park_walk.jpg,jpg,800,1000,195498
assets/harrison_white_party.jpg,harrison_white_party.jpg,jpg,1086,1448,277852
assets/harrison_white_roses.jpg,harrison_white_roses.jpg,jpg,1086,1448,317483
assets/hiroshi_aquarium.jpg,hiroshi_aquarium.jpg,jpg,1536,864,282515
assets/hiroshi_aquarium_tunnel.jpg,hiroshi_aquarium_tunnel.jpg,jpg,1536,864,282515
assets/hiroshi_character_card.jpg,hiroshi_character_card.jpg,jpg,1536,864,414255
assets/hiroshi_dad_couch.jpg,hiroshi_dad_couch.jpg,jpg,1536,864,276861
assets/hiroshi_dotonbori_night.jpg,hiroshi_dotonbori_night.jpg,jpg,1536,864,414255
assets/hiroshi_hand_kiss_temporary.jpg,hiroshi_hand_kiss_temporary.jpg,jpg,1536,864,370630
assets/hiroshi_karaoke_lounge.jpg,hiroshi_karaoke_lounge.jpg,jpg,1536,864,258073
assets/hiroshi_osaka_alley_rain.jpg,hiroshi_osaka_alley_rain.jpg,jpg,1536,864,336089
assets/hiroshi_osaka_city_stroll.jpg,hiroshi_osaka_city_stroll.jpg,jpg,1536,864,370630
assets/hiroshi_train_reflection.jpg,hiroshi_train_reflection.jpg,jpg,1536,864,291389
assets/hiroshi_waterfront_date.jpg,hiroshi_waterfront_date.jpg,jpg,1536,864,370630
assets/house_in_hyogo_home.jpg,house_in_hyogo_home.jpg,jpg,800,1000,140930
assets/house_in_hyogo_wedding.jpg,house_in_hyogo_wedding.jpg,jpg,800,1000,140930
assets/intimate_cafe_conversation_at_night.jpg,intimate_cafe_conversation_at_night.jpg,jpg,800,1000,140930
assets/intimate_dinner_with_city_view.jpg,intimate_dinner_with_city_view.jpg,jpg,1536,864,300504
assets/inviting_sunset_in_a_music_room.jpg,inviting_sunset_in_a_music_room.jpg,jpg,800,1000,140930
assets/karaoke_vibes_in_a_cozy_lounge.jpg,karaoke_vibes_in_a_cozy_lounge.jpg,jpg,1536,864,258073
assets/kenji_cafe_warmth.jpg,kenji_cafe_warmth.jpg,jpg,800,1000,161241
assets/kenji_character_card.jpg,kenji_character_card.jpg,jpg,800,1000,161241
assets/kenji_quiet_study.jpg,kenji_quiet_study.jpg,jpg,800,1000,161241
assets/kenji_riverside_confession.jpg,kenji_riverside_confession.jpg,jpg,800,1000,161241
assets/kenji_riverside_date.jpg,kenji_riverside_date.jpg,jpg,800,1000,161241
assets/kenji_riverside_kiss_good_ending.jpg,kenji_riverside_kiss_good_ending.jpg,jpg,800,1000,161241
assets/kenji_riverside_talking.jpg,kenji_riverside_talking.jpg,jpg,800,1000,161241
assets/korean_restaurant_transition.jpg,korean_restaurant_transition.jpg,jpg,1086,1448,321845
assets/kyoto_station_vibes_with_motorcycle_rider.jpg,kyoto_station_vibes_with_motorcycle_rider.jpg,jpg,800,1000,140930
assets/living_room_reflection.jpg,living_room_reflection.jpg,jpg,800,1000,140930
assets/lonely_night_in_the_city.jpg,lonely_night_in_the_city.jpg,jpg,800,1000,140930
assets/marcus_bittersweet_growth.jpg,marcus_bittersweet_growth.jpg,jpg,1536,864,434489
assets/marcus_city_night_out.jpg,marcus_city_night_out.jpg,jpg,1536,864,411532
assets/marcus_cozy_game_night.jpg,marcus_cozy_game_night.jpg,jpg,1536,864,436122
assets/melancholic_evening_in_a_cozy_room.jpg,melancholic_evening_in_a_cozy_room.jpg,jpg,800,1000,140930
assets/menu_locked_secret.jpg,menu_locked_secret.jpg,jpg,1536,864,536640
assets/menu_locked_secret_jp.jpg,menu_locked_secret_jp.jpg,jpg,1536,864,518764
assets/menu_unlocked_kenji.jpg,menu_unlocked_kenji.jpg,jpg,1536,864,586780
assets/menu_unlocked_kenji_jp.jpg,menu_unlocked_kenji_jp.jpg,jpg,1536,864,529123
assets/modern_streetwear_portrait_in_digital_art.jpg,modern_streetwear_portrait_in_digital_art.jpg,jpg,800,1000,140930
assets/new_uploads__airi_train_phone_day.jpg,new_uploads__airi_train_phone_day.jpg,jpg,1024,1536,282725
assets/new_uploads__airi_train_phone_rain_night.jpg,new_uploads__airi_train_phone_rain_night.jpg,jpg,1024,1536,346223
assets/new_uploads__harrison_cafe_conversation_latest.jpg,new_uploads__harrison_cafe_conversation_latest.jpg,jpg,1086,1448,314384
assets/new_uploads__harrison_girlfriend_ask_latest.jpg,new_uploads__harrison_girlfriend_ask_latest.jpg,jpg,1086,1448,351328
assets/new_uploads__harrison_good_ending_couch_kiss.jpg,new_uploads__harrison_good_ending_couch_kiss.jpg,jpg,1536,864,305358
assets/new_uploads__harrison_good_ending_kitchen_morning.jpg,new_uploads__harrison_good_ending_kitchen_morning.jpg,jpg,1536,864,323575
assets/new_uploads__harrison_job_offer_airi_laptop.jpg,new_uploads__harrison_job_offer_airi_laptop.jpg,jpg,1448,1086,289269
assets/new_uploads__harrison_job_offer_apartment_before_email.jpg,new_uploads__harrison_job_offer_apartment_before_email.jpg,jpg,1536,864,246329
assets/new_uploads__harrison_museum_date_latest.jpg,new_uploads__harrison_museum_date_latest.jpg,jpg,1086,1448,328713
assets/new_uploads__harrison_park_first_date_latest.jpg,new_uploads__harrison_park_first_date_latest.jpg,jpg,1086,1448,464901
assets/new_uploads__harrison_white_party_latest.jpg,new_uploads__harrison_white_party_latest.jpg,jpg,1086,1448,351581
assets/new_uploads__harrison_white_roses_latest.jpg,new_uploads__harrison_white_roses_latest.jpg,jpg,1086,1448,332880
assets/new_uploads__kenji_cherry_riverside_walk_couple.jpg,new_uploads__kenji_cherry_riverside_walk_couple.jpg,jpg,1536,864,369820
assets/new_uploads__kenji_final_kiss_cherry.jpg,new_uploads__kenji_final_kiss_cherry.jpg,jpg,1536,864,298865
assets/new_uploads__kenji_final_walk_good_friends.jpg,new_uploads__kenji_final_walk_good_friends.jpg,jpg,1086,1448,346694
assets/new_uploads__kenji_last_scene_talking_cherry.jpg,new_uploads__kenji_last_scene_talking_cherry.jpg,jpg,1536,864,361381
assets/new_uploads__kenji_tommy_shadow_cherry.jpg,new_uploads__kenji_tommy_shadow_cherry.jpg,jpg,1024,1536,282594
assets/new_uploads__marcus_first_date_mall_gift.jpg,new_uploads__marcus_first_date_mall_gift.jpg,jpg,1086,1448,321845
assets/new_uploads__ren_apartment_exterior_night.jpg,new_uploads__ren_apartment_exterior_night.jpg,jpg,1024,1536,313870
assets/new_uploads__ren_cherry_blossom_date_new.jpg,new_uploads__ren_cherry_blossom_date_new.jpg,jpg,1536,864,404383
assets/new_uploads__ren_cherry_blossom_kiss_new.jpg,new_uploads__ren_cherry_blossom_kiss_new.jpg,jpg,1536,864,263357
assets/new_uploads__ren_ferris_wheel_closeup_latest.jpg,new_uploads__ren_ferris_wheel_closeup_latest.jpg,jpg,1536,864,259174
assets/new_uploads__ren_festival_girlfriend_latest.jpg,new_uploads__ren_festival_girlfriend_latest.jpg,jpg,1086,1448,271918
assets/new_uploads__ren_motorcycle_after_tommy_station.jpg,new_uploads__ren_motorcycle_after_tommy_station.jpg,jpg,1536,864,335326
assets/new_uploads__ren_sukiyaki_dinner_latest.jpg,new_uploads__ren_sukiyaki_dinner_latest.jpg,jpg,1086,1448,364365
assets/new_uploads__ren_waiting_rainy_street_after_tommy.jpg,new_uploads__ren_waiting_rainy_street_after_tommy.jpg,jpg,1024,1536,375943
assets/new_uploads__tommy_arcade_bull_bridal_ren_interruption.jpg,new_uploads__tommy_arcade_bull_bridal_ren_interruption.jpg,jpg,1536,864,310973
assets/new_uploads__tommy_arcade_cheek_kiss_hidden.jpg,new_uploads__tommy_arcade_cheek_kiss_hidden.jpg,jpg,1536,864,333255
assets/new_uploads__tommy_arcade_cheek_kiss_ren_interruption.jpg,new_uploads__tommy_arcade_cheek_kiss_ren_interruption.jpg,jpg,1536,864,302144
assets/new_uploads__tommy_arcade_kiss_cheek_latest.jpg,new_uploads__tommy_arcade_kiss_cheek_latest.jpg,jpg,1536,864,307818
assets/new_uploads__tommy_arcade_solo_awkward_confession.jpg,new_uploads__tommy_arcade_solo_awkward_confession.jpg,jpg,1536,864,264322
assets/new_uploads__tommy_arcade_solo_hep5_neon.jpg,new_uploads__tommy_arcade_solo_hep5_neon.jpg,jpg,1536,864,268198
assets/new_uploads__tommy_family_dinner_pov_latest.jpg,new_uploads__tommy_family_dinner_pov_latest.jpg,jpg,1536,864,294732
assets/new_uploads__tommy_family_sukiyaki_pov.jpg,new_uploads__tommy_family_sukiyaki_pov.jpg,jpg,1536,864,308779
assets/new_uploads__tommy_family_sukiyaki_wide_latest.jpg,new_uploads__tommy_family_sukiyaki_wide_latest.jpg,jpg,1536,864,295036
assets/new_uploads__tommy_festival_handhold_close_latest.jpg,new_uploads__tommy_festival_handhold_close_latest.jpg,jpg,1536,864,270564
assets/new_uploads__tommy_festival_market_bg.jpg,new_uploads__tommy_festival_market_bg.jpg,jpg,1536,864,421109
assets/new_uploads__tommy_festival_secret_kiss.jpg,new_uploads__tommy_festival_secret_kiss.jpg,jpg,1536,864,292476
assets/new_uploads__tommy_festival_solo_stalls.jpg,new_uploads__tommy_festival_solo_stalls.jpg,jpg,1536,864,209498
assets/new_uploads__tommy_festival_solo_yukata_awake.jpg,new_uploads__tommy_festival_solo_yukata_awake.jpg,jpg,1536,864,219531
assets/new_uploads__tommy_festival_yukata_solo_dark.jpg,new_uploads__tommy_festival_yukata_solo_dark.jpg,jpg,1536,864,277157
assets/new_uploads__tommy_hep5_arcade_buttons_couple.jpg,new_uploads__tommy_hep5_arcade_buttons_couple.jpg,jpg,1536,864,325053
assets/new_uploads__tommy_hep5_arcade_solo_latest.jpg,new_uploads__tommy_hep5_arcade_solo_latest.jpg,jpg,1536,864,286369
assets/new_uploads__tommy_hep5_game_fun.jpg,new_uploads__tommy_hep5_game_fun.jpg,jpg,1536,864,395203
assets/new_uploads__tommy_hidden_after_festival_kiss.jpg,new_uploads__tommy_hidden_after_festival_kiss.jpg,jpg,1536,864,231446
assets/new_uploads__tommy_ise_jingu_entrance_latest.jpg,new_uploads__tommy_ise_jingu_entrance_latest.jpg,jpg,1536,864,334981
assets/new_uploads__tommy_ise_jingu_path_sunset_latest.jpg,new_uploads__tommy_ise_jingu_path_sunset_latest.jpg,jpg,1536,864,333287
assets/new_uploads__tommy_ise_jingu_solo_cream_sweater.jpg,new_uploads__tommy_ise_jingu_solo_cream_sweater.jpg,jpg,1536,864,329960
assets/new_uploads__tommy_karaoke_lilac_latest.jpg,new_uploads__tommy_karaoke_lilac_latest.jpg,jpg,1536,864,242594
assets/new_uploads__tommy_planetarium_bg.jpg,new_uploads__tommy_planetarium_bg.jpg,jpg,1536,864,357449
assets/new_uploads__tommy_planetarium_couple_latest.jpg,new_uploads__tommy_planetarium_couple_latest.jpg,jpg,1536,864,334151
assets/new_uploads__tommy_planetarium_handhold_close_latest.jpg,new_uploads__tommy_planetarium_handhold_close_latest.jpg,jpg,1536,864,159613
assets/noir_vibes_in_osaka_alley.jpg,noir_vibes_in_osaka_alley.jpg,jpg,800,1000,140930
assets/quiet_evening_by_the_veranda.jpg,quiet_evening_by_the_veranda.jpg,jpg,800,1000,140930
assets/quiet_study_in_warm_light.jpg,quiet_study_in_warm_light.jpg,jpg,800,1000,140930
assets/rainy_evening_at_the_train_station.jpg,rainy_evening_at_the_train_station.jpg,jpg,800,1000,140930
assets/rainy_night_at_kyoto_station.jpg,rainy_night_at_kyoto_station.jpg,jpg,800,1000,140930
assets/rainy_night_at_the_train_station.jpg,rainy_night_at_the_train_station.jpg,jpg,800,1000,140930
assets/rainy_night_embrace_in_the_car.jpg,rainy_night_embrace_in_the_car.jpg,jpg,800,1000,140930
assets/rainy_night_in_the_city.jpg,rainy_night_in_the_city.jpg,jpg,800,1000,140930
assets/rainy_night_romance_in_the_city.jpg,rainy_night_romance_in_the_city.jpg,jpg,800,1000,140930
assets/ren_after_tommy_fight_motorcycle.jpg,ren_after_tommy_fight_motorcycle.jpg,jpg,1024,1536,428190
assets/ren_cherry_blossom_kiss.jpg,ren_cherry_blossom_kiss.jpg,jpg,800,1000,154036
assets/ren_doctor_hallway.jpg,ren_doctor_hallway.jpg,jpg,800,1000,154036
assets/ren_ferris_wheel_close_new.jpg,ren_ferris_wheel_close_new.jpg,jpg,1086,1448,313049
assets/ren_festival_solo_invite.jpg,ren_festival_solo_invite.jpg,jpg,1086,1448,356941
assets/ren_k_university_festival_girlfriend.jpg,ren_k_university_festival_girlfriend.jpg,jpg,1536,864,402817
assets/ren_motorcycle_festival.jpg,ren_motorcycle_festival.jpg,jpg,800,1000,154036
assets/ren_motorcycle_pickup_kyoto.jpg,ren_motorcycle_pickup_kyoto.jpg,jpg,1024,1536,428190
assets/ren_serious_after_tommy_fight.jpg,ren_serious_after_tommy_fight.jpg,jpg,1024,1536,306939
assets/ren_sukiyaki_actual.jpg,ren_sukiyaki_actual.jpg,jpg,1536,864,327506
assets/ren_sukiyaki_dinner.jpg,ren_sukiyaki_dinner.jpg,jpg,1536,864,303089
assets/riverside_transition_sunset.jpg,riverside_transition_sunset.jpg,jpg,800,1000,140930
assets/romantic_city_night_out.jpg,romantic_city_night_out.jpg,jpg,1536,864,411532
assets/romantic_city_night_stroll.jpg,romantic_city_night_stroll.jpg,jpg,800,1000,140930
assets/romantic_dinner_with_city_lights.jpg,romantic_dinner_with_city_lights.jpg,jpg,1536,864,361318
assets/romantic_dinner_with_city_view.jpg,romantic_dinner_with_city_view.jpg,jpg,1536,864,300504
assets/romantic_dinner_with_city_views.jpg,romantic_dinner_with_city_views.jpg,jpg,800,1000,140930
assets/romantic_evening_at_the_doorstep.jpg,romantic_evening_at_the_doorstep.jpg,jpg,800,1000,140930
assets/romantic_evening_by_the_riverside.jpg,romantic_evening_by_the_riverside.jpg,jpg,800,1000,140930
assets/romantic_evening_in_a_blooming_garden.jpg,romantic_evening_in_a_blooming_garden.jpg,jpg,800,1000,140930
assets/romantic_evening_in_a_cozy_apartment.jpg,romantic_evening_in_a_cozy_apartment.jpg,jpg,800,1000,140930
assets/romantic_gaming_night_in_cozy_light.jpg,romantic_gaming_night_in_cozy_light.jpg,jpg,1536,864,454637
assets/romantic_gaming_night_in_the_city.jpg,romantic_gaming_night_in_the_city.jpg,jpg,1536,864,415429
assets/romantic_garden_party_glow.jpg,romantic_garden_party_glow.jpg,jpg,800,1000,140930
assets/romantic_kiss_under_cherry_blossoms.jpg,romantic_kiss_under_cherry_blossoms.jpg,jpg,800,1000,140930
assets/romantic_night_drive_in_the_city.jpg,romantic_night_drive_in_the_city.jpg,jpg,800,1000,140930
assets/romantic_night_out_in_the_city.jpg,romantic_night_out_in_the_city.jpg,jpg,1536,864,411532
assets/romantic_night_under_cherry_blossoms.jpg,romantic_night_under_cherry_blossoms.jpg,jpg,800,1000,140930
assets/romantic_night_under_the_rain.jpg,romantic_night_under_the_rain.jpg,jpg,800,1000,140930
assets/romantic_stroll_in_an_elegant_gallery.jpg,romantic_stroll_in_an_elegant_gallery.jpg,jpg,800,1000,140930
assets/romantic_stroll_in_the_city_park.jpg,romantic_stroll_in_the_city_park.jpg,jpg,800,1000,140930
assets/romantic_stroll_under_city_lights.jpg,romantic_stroll_under_city_lights.jpg,jpg,800,1000,140930
assets/romantic_sunset_by_the_beach.jpg,romantic_sunset_by_the_beach.jpg,jpg,800,1000,140930
assets/romantic_sunset_in_the_music_room.jpg,romantic_sunset_in_the_music_room.jpg,jpg,800,1000,140930
assets/romantic_sunset_ride_on_the_ferris_wheel.jpg,romantic_sunset_ride_on_the_ferris_wheel.jpg,jpg,800,1000,140930
assets/romantic_surprise_at_the_doorstep.jpg,romantic_surprise_at_the_doorstep.jpg,jpg,800,1000,140930
assets/romantic_twilight_ferris_wheel_encounter.jpg,romantic_twilight_ferris_wheel_encounter.jpg,jpg,800,1000,140930
assets/romantic_twilight_stroll_by_cherry_blossoms.jpg,romantic_twilight_stroll_by_cherry_blossoms.jpg,jpg,800,1000,140930
assets/romantic_wedding_in_a_japanese_garden.jpg,romantic_wedding_in_a_japanese_garden.jpg,jpg,800,1000,140930
assets/route_harrison.jpg,route_harrison.jpg,jpg,800,1000,195498
assets/route_harrison_card__webp.jpg,route_harrison_card__webp.jpg,jpg,800,1000,195498
assets/route_hiroshi.jpg,route_hiroshi.jpg,jpg,1536,864,414255
assets/route_hiroshi_card__webp.jpg,route_hiroshi_card__webp.jpg,jpg,800,1000,166719
assets/route_kenji.jpg,route_kenji.jpg,jpg,800,1000,161241
assets/route_kenji_card__webp.jpg,route_kenji_card__webp.jpg,jpg,800,1000,161241
assets/route_marcus.jpg,route_marcus.jpg,jpg,1086,1448,321845
assets/route_marcus_card__webp.jpg,route_marcus_card__webp.jpg,jpg,800,1000,159736
assets/route_ren.jpg,route_ren.jpg,jpg,800,1000,154036
assets/route_ren_card__webp.jpg,route_ren_card__webp.jpg,jpg,800,1000,154036
assets/route_tommy.jpg,route_tommy.jpg,jpg,800,1000,140930
assets/route_tommy_card__webp.jpg,route_tommy_card__webp.jpg,jpg,800,1000,140930
assets/seaside_sunset_and_shared_dango.jpg,seaside_sunset_and_shared_dango.jpg,jpg,800,1000,140930
assets/secret_dream_wedding.jpg,secret_dream_wedding.jpg,jpg,800,1000,140930
assets/secret_house_in_hyogo.jpg,secret_house_in_hyogo.jpg,jpg,800,1000,140930
assets/secret_our_little_boy.jpg,secret_our_little_boy.jpg,jpg,800,1000,140930
assets/secret_route_locked_card.jpg,secret_route_locked_card.jpg,jpg,800,1000,140930
assets/serene_city_nightscape_portrait.jpg,serene_city_nightscape_portrait.jpg,jpg,800,1000,154036
assets/serene_night_on_a_city_rooftop.jpg,serene_night_on_a_city_rooftop.jpg,jpg,800,1000,154036
assets/serene_sunset_riverside_reflection.jpg,serene_sunset_riverside_reflection.jpg,jpg,800,1000,154036
assets/stylish_young_man_in_upscale_mall.jpg,stylish_young_man_in_upscale_mall.jpg,jpg,800,1000,140930
assets/sunset_stroll_by_the_harbor.jpg,sunset_stroll_by_the_harbor.jpg,jpg,800,1000,140930
assets/sunset_stroll_with_dango_at_sea.jpg,sunset_stroll_with_dango_at_sea.jpg,jpg,800,1000,140930
assets/tense_dinner_in_a_dimly_lit_city_apartment.jpg,tense_dinner_in_a_dimly_lit_city_apartment.jpg,jpg,1536,864,318530
assets/tense_evening_in_the_city.jpg,tense_evening_in_the_city.jpg,jpg,800,1000,140930
assets/the_long_goodbye_main_menu.jpg,the_long_goodbye_main_menu.jpg,jpg,1536,864,536640
assets/tommy_airi_korean_lunch.jpg,tommy_airi_korean_lunch.jpg,jpg,800,1000,140930
assets/tommy_back_to_you_car.jpg,tommy_back_to_you_car.jpg,jpg,800,1000,140930
assets/tommy_bridal_style_arcade.jpg,tommy_bridal_style_arcade.jpg,jpg,1536,864,332163
assets/tommy_confession_cozy_room.jpg,tommy_confession_cozy_room.jpg,jpg,800,1000,140930
assets/tommy_confession_riverside.jpg,tommy_confession_riverside.jpg,jpg,800,1000,140930
assets/tommy_doorway_gift.jpg,tommy_doorway_gift.jpg,jpg,800,1000,140930
assets/tommy_family_karaoke_pink.jpg,tommy_family_karaoke_pink.jpg,jpg,1536,864,324948
assets/tommy_festival_handhold_close.jpg,tommy_festival_handhold_close.jpg,jpg,1536,864,299960
assets/tommy_festival_tommy_solo.jpg,tommy_festival_tommy_solo.jpg,jpg,1536,864,297983
assets/tommy_festival_yukata_walk.jpg,tommy_festival_yukata_walk.jpg,jpg,1536,864,358888
assets/tommy_hep5_karaoke_lilac.jpg,tommy_hep5_karaoke_lilac.jpg,jpg,1536,864,275415
assets/tommy_interrupt_dont_go_train_station.jpg,tommy_interrupt_dont_go_train_station.jpg,jpg,800,1000,140930
assets/tommy_ise_jingu_entrance.jpg,tommy_ise_jingu_entrance.jpg,jpg,1536,864,360363
assets/tommy_ise_jingu_path_sunset.jpg,tommy_ise_jingu_path_sunset.jpg,jpg,1536,864,356633
assets/tommy_music_room.jpg,tommy_music_room.jpg,jpg,800,1000,140930
assets/tommy_osaka_castle_lilac.jpg,tommy_osaka_castle_lilac.jpg,jpg,1536,864,356762
assets/tommy_parents_sukiyaki_actual.jpg,tommy_parents_sukiyaki_actual.jpg,jpg,1536,864,322024
assets/tommy_piano_living_room_actual.jpg,tommy_piano_living_room_actual.jpg,jpg,1536,864,297039
assets/tommy_planetarium_couple_wide.jpg,tommy_planetarium_couple_wide.jpg,jpg,1536,864,304365
assets/tommy_planetarium_handhold_close.jpg,tommy_planetarium_handhold_close.jpg,jpg,1536,864,189496
assets/tommy_planetarium_tommy_solo.jpg,tommy_planetarium_tommy_solo.jpg,jpg,1536,864,244576
assets/tommy_prince_text_gloomy.jpg,tommy_prince_text_gloomy.jpg,jpg,800,1000,140930
assets/tommy_ren_confession_station.jpg,tommy_ren_confession_station.jpg,jpg,1086,1448,369821
assets/tommy_ren_dodge_station.jpg,tommy_ren_dodge_station.jpg,jpg,1086,1448,369821
assets/tommy_texting_marcus_route.jpg,tommy_texting_marcus_route.jpg,jpg,1086,1448,321845
assets/tommy_true_ending_beach.jpg,tommy_true_ending_beach.jpg,jpg,800,1000,140930
assets/unexpected_visitor_with_a_gift_bag.jpg,unexpected_visitor_with_a_gift_bag.jpg,jpg,800,1000,140930
assets/urban_night_vibes_with_a_noir_twist.jpg,urban_night_vibes_with_a_noir_twist.jpg,jpg,800,1000,140930
assets/warm_nighttime_portrait_in_cozy_apartment.jpg,warm_nighttime_portrait_in_cozy_apartment.jpg,jpg,800,1000,140930
