asset_path,filename,dimensions,bytes,referenced_by_index,purpose_or_note,source
assets/a_romantic_moment_in_a_mall.jpg,a_romantic_moment_in_a_mall.jpg,1672x941,331470,YES,,
assets/a_tense_dinner_in_the_city.jpg,a_tense_dinner_in_the_city.jpg,1672x941,273569,NO,,
assets/airi_phone_call_soft.jpg,airi_phone_call_soft.jpg,1672x941,367368,NO,,
assets/airi_phone_reflection.jpg,airi_phone_reflection.jpg,1672x941,355413,YES,,
assets/airi_texting_ren_room.jpg,airi_texting_ren_room.jpg,1672x941,422811,YES,,
assets/airi_texting_train_close.jpg,airi_texting_train_close.jpg,1672x941,362188,NO,,
assets/airi_tommy_room_wide.jpg,airi_tommy_room_wide.jpg,1672x941,281579,NO,,
assets/airi_train_phone_day.jpg,airi_train_phone_day.jpg,1672x941,362188,YES,,
assets/airi_train_phone_rain_night.jpg,airi_train_phone_rain_night.jpg,1672x941,427407,YES,,
assets/aquarium_tunnel_stroll_with_a_serene_gaze.jpg,aquarium_tunnel_stroll_with_a_serene_gaze.jpg,1672x941,310167,NO,,
assets/campus_courtyard_transition.jpg,campus_courtyard_transition.jpg,1672x941,551776,NO,,
assets/confident_elegance_in_neutral_tones.jpg,confident_elegance_in_neutral_tones.jpg,1672x941,237429,NO,,
assets/confident_style_in_casual_streetwear.jpg,confident_style_in_casual_streetwear.jpg,1672x941,301735,NO,,
assets/contemplative_evening_dinner_in_the_city.jpg,contemplative_evening_dinner_in_the_city.jpg,1672x941,237429,YES,,
assets/cozy_game_night_in_city_apartment.jpg,cozy_game_night_in_city_apartment.jpg,1672x941,344049,YES,,
assets/cozy_game_night_in_city_lights.jpg,cozy_game_night_in_city_lights.jpg,1672x941,333003,NO,,
assets/cozy_game_night_in_the_city.jpg,cozy_game_night_in_the_city.jpg,1672x941,327698,YES,,
assets/cozy_game_night_with_a_city_view.jpg,cozy_game_night_with_a_city_view.jpg,1672x941,300061,YES,,
assets/empty_japanese_station.jpg,empty_japanese_station.jpg,1672x941,508667,NO,,
assets/empty_osaka_alley.jpg,empty_osaka_alley.jpg,1672x941,457779,NO,,
assets/friend_camille_phone.jpg,friend_camille_phone.jpg,1672x941,360189,YES,,
assets/friend_jade_phone.jpg,friend_jade_phone.jpg,1672x941,331910,YES,,
assets/friend_tessa_phone.jpg,friend_tessa_phone.jpg,1672x941,392701,NO,,
assets/golden_hour_romance_in_the_mall.jpg,golden_hour_romance_in_the_mall.jpg,1672x941,331470,YES,,
assets/harrison_bad_empty_space_between_us.jpg,harrison_bad_empty_space_between_us.jpg,1672x941,344449,NO,,
assets/harrison_bittersweet_airport_goodbye.jpg,harrison_bittersweet_airport_goodbye.jpg,1672x941,320910,NO,,
assets/harrison_cafe_conversation.jpg,harrison_cafe_conversation.jpg,1672x941,262473,NO,,
assets/harrison_cafe_conversation_latest.jpg,harrison_cafe_conversation_latest.jpg,1672x941,262473,NO,,
assets/harrison_city_dinner.jpg,harrison_city_dinner.jpg,1672x941,340371,NO,,
assets/harrison_domestic_good_ending.jpg,harrison_domestic_good_ending.jpg,1672x941,363299,NO,,
assets/harrison_girlfriend_ask.jpg,harrison_girlfriend_ask.jpg,1672x941,324381,NO,,
assets/harrison_girlfriend_ask_latest.jpg,harrison_girlfriend_ask_latest.jpg,1672x941,324381,NO,,
assets/harrison_good_ending_couch_kiss.jpg,harrison_good_ending_couch_kiss.jpg,1672x941,299929,NO,,
assets/harrison_good_ending_kitchen_morning.jpg,harrison_good_ending_kitchen_morning.jpg,1672x941,363299,NO,,
assets/harrison_job_offer_airi_laptop.jpg,harrison_job_offer_airi_laptop.jpg,1672x941,263628,NO,,
assets/harrison_job_offer_apartment_before_email.jpg,harrison_job_offer_apartment_before_email.jpg,1672x941,263628,NO,,
assets/harrison_museum_date.jpg,harrison_museum_date.jpg,1672x941,284247,NO,,
assets/harrison_museum_date_latest.jpg,harrison_museum_date_latest.jpg,1672x941,284247,NO,,
assets/harrison_park_first_date.jpg,harrison_park_first_date.jpg,1672x941,553306,NO,,
assets/harrison_park_first_date_latest.jpg,harrison_park_first_date_latest.jpg,1672x941,553306,NO,,
assets/harrison_park_walk.jpg,harrison_park_walk.jpg,1672x941,553306,NO,,
assets/harrison_white_party.jpg,harrison_white_party.jpg,1672x941,305721,NO,,
assets/harrison_white_party_latest.jpg,harrison_white_party_latest.jpg,1672x941,305721,NO,,
assets/harrison_white_roses.jpg,harrison_white_roses.jpg,1672x941,316193,NO,,
assets/harrison_white_roses_latest.jpg,harrison_white_roses_latest.jpg,1672x941,316193,NO,,
assets/hiroshi_aquarium.jpg,hiroshi_aquarium.jpg,1672x941,310167,NO,,
assets/hiroshi_aquarium_tunnel.jpg,hiroshi_aquarium_tunnel.jpg,1672x941,310167,NO,,
assets/hiroshi_character_card.jpg,hiroshi_character_card.jpg,1672x941,333077,NO,,
assets/hiroshi_dad_couch.jpg,hiroshi_dad_couch.jpg,1672x941,300367,NO,,
assets/hiroshi_dotonbori_night.jpg,hiroshi_dotonbori_night.jpg,1672x941,455580,NO,,
assets/hiroshi_karaoke_lounge.jpg,hiroshi_karaoke_lounge.jpg,1672x941,362928,NO,,
assets/hiroshi_osaka_alley_rain.jpg,hiroshi_osaka_alley_rain.jpg,1672x941,367306,NO,,
assets/hiroshi_osaka_city_stroll.jpg,hiroshi_osaka_city_stroll.jpg,1672x941,452748,NO,,
assets/hiroshi_train_reflection.jpg,hiroshi_train_reflection.jpg,1672x941,322193,NO,,
assets/hiroshi_waterfront_date.jpg,hiroshi_waterfront_date.jpg,1672x941,408841,NO,,
assets/intimate_dinner_with_city_view.jpg,intimate_dinner_with_city_view.jpg,1672x941,226737,YES,,
assets/karaoke_vibes_in_a_cozy_lounge.jpg,karaoke_vibes_in_a_cozy_lounge.jpg,1672x941,328824,NO,,
assets/kenji_cafe_warmth.jpg,kenji_cafe_warmth.jpg,1536x1024,320335,YES,,
assets/kenji_character_card.jpg,kenji_character_card.jpg,1122x1402,270898,YES,,
assets/kenji_cherry_riverside_walk_couple.jpg,kenji_cherry_riverside_walk_couple.jpg,1672x941,366596,NO,,
assets/kenji_final_kiss_cherry.jpg,kenji_final_kiss_cherry.jpg,1672x941,333056,NO,,
assets/kenji_final_walk_good_friends.jpg,kenji_final_walk_good_friends.jpg,1672x941,366596,NO,,
assets/kenji_last_scene_talking_cherry.jpg,kenji_last_scene_talking_cherry.jpg,1672x941,366596,NO,,
assets/kenji_quiet_study.jpg,kenji_quiet_study.jpg,1672x941,311597,NO,,
assets/kenji_riverside_confession.jpg,kenji_riverside_confession.jpg,1672x941,295131,NO,,
assets/kenji_riverside_kiss_good_ending.jpg,kenji_riverside_kiss_good_ending.jpg,1672x941,333056,NO,,
assets/kenji_riverside_talking.jpg,kenji_riverside_talking.jpg,1672x941,366596,NO,,
assets/korean_restaurant_transition.jpg,korean_restaurant_transition.jpg,1672x941,408077,NO,,
assets/living_room_reflection.jpg,living_room_reflection.jpg,1672x941,266831,YES,,
assets/lonely_night_in_the_city.jpg,lonely_night_in_the_city.jpg,1672x941,391187,YES,,
assets/marcus_bittersweet_growth.jpg,marcus_bittersweet_growth.jpg,1672x941,329090,NO,,
assets/marcus_city_night_out.jpg,marcus_city_night_out.jpg,1672x941,311812,NO,,
assets/marcus_cozy_game_night.jpg,marcus_cozy_game_night.jpg,1672x941,333003,NO,,
assets/marcus_first_date_mall_gift.jpg,marcus_first_date_mall_gift.jpg,1672x941,347303,NO,,
assets/menu_locked_secret.jpg,menu_locked_secret.jpg,1672x941,447872,NO,,
assets/menu_locked_secret_jp.jpg,menu_locked_secret_jp.jpg,1672x941,400294,NO,,
assets/menu_unlocked_kenji.jpg,menu_unlocked_kenji.jpg,1672x941,407097,YES,,
assets/menu_unlocked_kenji_jp.jpg,menu_unlocked_kenji_jp.jpg,1672x941,414277,YES,,
assets/new_uploads__tommy_family_dinner_pov_latest.jpg,new_uploads__tommy_family_dinner_pov_latest.jpg,1536x864,515370,NO,Tommy family dinner / eating with family image,/mnt/data/ghostwriter_images/context/a838df1b-7a33-59ba-995e-dda076a3b30c.png
assets/noir_vibes_in_osaka_alley.jpg,noir_vibes_in_osaka_alley.jpg,1672x941,367306,NO,,
assets/quiet_study_in_warm_light.jpg,quiet_study_in_warm_light.jpg,1672x941,311597,NO,,
assets/rainy_evening_at_the_train_station.jpg,rainy_evening_at_the_train_station.jpg,1672x941,458336,NO,,
assets/rainy_night_at_kyoto_station.jpg,rainy_night_at_kyoto_station.jpg,1672x941,431708,NO,,
assets/rainy_night_at_the_train_station.jpg,rainy_night_at_the_train_station.jpg,1672x941,464637,NO,,
assets/rainy_night_in_the_city.jpg,rainy_night_in_the_city.jpg,1672x941,412856,YES,,
assets/ren_after_tommy_fight_motorcycle.jpg,ren_after_tommy_fight_motorcycle.jpg,1672x941,374647,YES,,
assets/ren_apartment_exterior_night.jpg,ren_apartment_exterior_night.jpg,1672x941,234236,YES,,
assets/ren_cherry_blossom_date_alt.jpg,ren_cherry_blossom_date_alt.jpg,1672x941,410796,NO,,
assets/ren_cherry_blossom_date_new.jpg,ren_cherry_blossom_date_new.jpg,1672x941,447449,NO,,
assets/ren_cherry_blossom_kiss.jpg,ren_cherry_blossom_kiss.jpg,1672x941,367685,NO,,
assets/ren_cherry_blossom_kiss_new.jpg,ren_cherry_blossom_kiss_new.jpg,1672x941,360246,NO,,
assets/ren_doctor_hallway.jpg,ren_doctor_hallway.jpg,1672x941,306852,YES,,
assets/ren_ferris_wheel_close_new.jpg,ren_ferris_wheel_close_new.jpg,1672x941,457215,NO,,
assets/ren_ferris_wheel_closeup_latest.jpg,ren_ferris_wheel_closeup_latest.jpg,1672x941,295167,NO,,
assets/ren_festival_solo_invite.jpg,ren_festival_solo_invite.jpg,1672x941,285316,NO,,
assets/ren_k_university_festival_girlfriend.jpg,ren_k_university_festival_girlfriend.jpg,1672x941,351384,NO,,
assets/ren_motorcycle_after_tommy_station.jpg,ren_motorcycle_after_tommy_station.jpg,1672x941,374647,NO,,
assets/ren_motorcycle_pickup_kyoto.jpg,ren_motorcycle_pickup_kyoto.jpg,1672x941,418689,YES,,
assets/ren_serious_after_tommy_fight.jpg,ren_serious_after_tommy_fight.jpg,1672x941,234236,NO,,
assets/ren_sukiyaki_actual.jpg,ren_sukiyaki_actual.jpg,1672x941,336369,NO,,
assets/ren_sukiyaki_dinner.jpg,ren_sukiyaki_dinner.jpg,1672x941,336369,NO,,
assets/ren_sukiyaki_dinner_latest.jpg,ren_sukiyaki_dinner_latest.jpg,1672x941,336369,NO,,
assets/ren_waiting_rainy_street_after_tommy.jpg,ren_waiting_rainy_street_after_tommy.jpg,1672x941,464637,NO,,
assets/riverside_transition_sunset.jpg,riverside_transition_sunset.jpg,1672x941,267493,NO,,
assets/romantic_dinner_with_city_lights.jpg,romantic_dinner_with_city_lights.jpg,1672x941,207396,NO,,
assets/romantic_dinner_with_city_view.jpg,romantic_dinner_with_city_view.jpg,1672x941,207396,YES,,
assets/romantic_evening_by_the_riverside.jpg,romantic_evening_by_the_riverside.jpg,1672x941,333056,NO,,
assets/romantic_gaming_night_in_cozy_light.jpg,romantic_gaming_night_in_cozy_light.jpg,1672x941,315353,YES,,
assets/romantic_gaming_night_in_the_city.jpg,romantic_gaming_night_in_the_city.jpg,1672x941,315353,YES,,
assets/romantic_night_out_in_the_city.jpg,romantic_night_out_in_the_city.jpg,1672x941,353863,YES,,
assets/route_harrison_card__webp.jpg,route_harrison_card__webp.jpg,1122x1402,328934,NO,,
assets/route_hiroshi_card__webp.jpg,route_hiroshi_card__webp.jpg,1122x1402,279359,NO,,
assets/route_kenji.jpg,route_kenji.jpg,1672x941,366596,YES,,
assets/route_kenji_card__webp.jpg,route_kenji_card__webp.jpg,1122x1402,270898,YES,,
assets/route_marcus_card__webp.jpg,route_marcus_card__webp.jpg,1122x1402,266819,NO,,
assets/route_ren_card__webp.jpg,route_ren_card__webp.jpg,1122x1402,265161,YES,,
assets/route_tommy_card__webp.jpg,route_tommy_card__webp.jpg,1122x1402,240041,YES,,
assets/seaside_sunset_and_shared_dango.jpg,seaside_sunset_and_shared_dango.jpg,1672x941,378155,NO,,
assets/secret_dream_wedding.jpg,secret_dream_wedding.jpg,1672x941,862544,NO,Tommy secret ending - Dream Wedding alt 1,/mnt/data/v5_7_15_tmp/tommy_secret/Tommy Secret Endings/315D5DFB-067E-4ED7-AE9A-452BC2CFCF37.PNG
assets/secret_house_in_hyogo.jpg,secret_house_in_hyogo.jpg,1672x941,755574,NO,Tommy secret ending - House in Hyogo,/mnt/data/v5_7_15_tmp/tommy_secret/Tommy Secret Endings/E9B937C2-6ABA-4EA1-87AE-E8E672A7D5D4.PNG
assets/secret_our_little_boy.jpg,secret_our_little_boy.jpg,1672x941,848759,NO,Tommy secret ending - Our Little Boy,/mnt/data/v5_7_15_tmp/tommy_secret/Tommy Secret Endings/C5798273-8225-48B1-94F8-F9C28A694AA0.PNG
assets/secret_route_locked_card.jpg,secret_route_locked_card.jpg,1122x1402,202927,NO,,
assets/secret_route_locked_card_jp.jpg,secret_route_locked_card_jp.jpg,1024x1536,218687,NO,,
assets/serene_sunset_riverside_reflection.jpg,serene_sunset_riverside_reflection.jpg,1672x941,267493,NO,,
assets/stylish_young_man_in_upscale_mall.jpg,stylish_young_man_in_upscale_mall.jpg,1672x941,301735,NO,,
assets/sunset_stroll_with_dango_at_sea.jpg,sunset_stroll_with_dango_at_sea.jpg,1672x941,378155,NO,,
assets/tense_dinner_in_a_dimly_lit_city_apartment.jpg,tense_dinner_in_a_dimly_lit_city_apartment.jpg,1672x941,238351,NO,,
assets/tommy_airi_korean_lunch.jpg,tommy_airi_korean_lunch.jpg,1672x941,314262,YES,,
assets/tommy_arcade_bull_bridal_ren_interruption.jpg,tommy_arcade_bull_bridal_ren_interruption.jpg,1672x941,345441,NO,,
assets/tommy_arcade_cheek_kiss_hidden.jpg,tommy_arcade_cheek_kiss_hidden.jpg,1672x941,336152,NO,,
assets/tommy_arcade_cheek_kiss_ren_interruption.jpg,tommy_arcade_cheek_kiss_ren_interruption.jpg,1672x941,345441,NO,,
assets/tommy_arcade_kiss_cheek_latest.jpg,tommy_arcade_kiss_cheek_latest.jpg,1672x941,340866,NO,,
assets/tommy_arcade_solo_awkward_confession.jpg,tommy_arcade_solo_awkward_confession.jpg,1672x941,271852,NO,,
assets/tommy_arcade_solo_hep5_neon.jpg,tommy_arcade_solo_hep5_neon.jpg,1672x941,293857,NO,,
assets/tommy_back_to_you_car.jpg,tommy_back_to_you_car.jpg,1672x941,355387,YES,,
assets/tommy_bridal_style_arcade.jpg,tommy_bridal_style_arcade.jpg,1672x941,340866,NO,,
assets/tommy_confession_cozy_room.jpg,tommy_confession_cozy_room.jpg,1672x941,238190,NO,,
assets/tommy_doorway_gift.jpg,tommy_doorway_gift.jpg,1672x941,198843,YES,,
assets/tommy_family_dinner_pov_latest.jpg,tommy_family_dinner_pov_latest.jpg,1672x941,300871,NO,,
assets/tommy_family_karaoke_pink.jpg,tommy_family_karaoke_pink.jpg,1672x941,331792,YES,,
assets/tommy_family_sukiyaki_pov.jpg,tommy_family_sukiyaki_pov.jpg,1672x941,300871,NO,,
assets/tommy_family_sukiyaki_wide_latest.jpg,tommy_family_sukiyaki_wide_latest.jpg,1672x941,340955,NO,,
assets/tommy_festival_handhold_close.jpg,tommy_festival_handhold_close.jpg,1672x941,300389,NO,,
assets/tommy_festival_handhold_close_latest.jpg,tommy_festival_handhold_close_latest.jpg,1672x941,300389,NO,,
assets/tommy_festival_market_bg.jpg,tommy_festival_market_bg.jpg,1672x941,468726,NO,,
assets/tommy_festival_secret_kiss.jpg,tommy_festival_secret_kiss.jpg,1672x941,771779,NO,Tommy secret ending / wedding ending art,/mnt/data/v5_7_15_tmp/tommy_secret/Tommy Secret Endings/0511A03C-73C1-4BCA-AB05-A6857BCA414F.PNG
assets/tommy_festival_solo_stalls.jpg,tommy_festival_solo_stalls.jpg,1672x941,244311,NO,,
assets/tommy_festival_solo_yukata_awake.jpg,tommy_festival_solo_yukata_awake.jpg,1672x941,302943,NO,,
assets/tommy_festival_tommy_solo.jpg,tommy_festival_tommy_solo.jpg,1672x941,302943,NO,,
assets/tommy_festival_yukata_solo_dark.jpg,tommy_festival_yukata_solo_dark.jpg,1672x941,244311,NO,,
assets/tommy_festival_yukata_walk.jpg,tommy_festival_yukata_walk.jpg,1672x941,372426,NO,,
assets/tommy_hep5_arcade_buttons_couple.jpg,tommy_hep5_arcade_buttons_couple.jpg,1672x941,440115,NO,,
assets/tommy_hep5_arcade_solo_latest.jpg,tommy_hep5_arcade_solo_latest.jpg,1672x941,314564,NO,,
assets/tommy_hep5_game_fun.jpg,tommy_hep5_game_fun.jpg,1672x941,359728,NO,,
assets/tommy_hep5_karaoke_lilac.jpg,tommy_hep5_karaoke_lilac.jpg,1672x941,276446,YES,,
assets/tommy_hidden_after_festival_kiss.jpg,tommy_hidden_after_festival_kiss.jpg,1672x941,538615,NO,Tommy ultra hidden ending kiss,/mnt/data/v5_7_15_tmp/tommy_ultra/Tommy ULTRA Secret Ending/8EB900E8-8B11-44F3-885D-F0740262445E.PNG
assets/tommy_interrupt_dont_go_train_station.jpg,tommy_interrupt_dont_go_train_station.jpg,1672x941,363367,NO,,
assets/tommy_ise_jingu_entrance.jpg,tommy_ise_jingu_entrance.jpg,1672x941,405742,NO,,
assets/tommy_ise_jingu_entrance_latest.jpg,tommy_ise_jingu_entrance_latest.jpg,1672x941,366610,NO,,
assets/tommy_ise_jingu_path_sunset.jpg,tommy_ise_jingu_path_sunset.jpg,1672x941,366436,NO,,
assets/tommy_ise_jingu_path_sunset_latest.jpg,tommy_ise_jingu_path_sunset_latest.jpg,1672x941,366436,NO,,
assets/tommy_karaoke_lilac_latest.jpg,tommy_karaoke_lilac_latest.jpg,1672x941,331792,NO,,
assets/tommy_music_room.jpg,tommy_music_room.jpg,1672x941,243875,NO,,
assets/tommy_osaka_castle_lilac.jpg,tommy_osaka_castle_lilac.jpg,1672x941,368838,NO,,
assets/tommy_osaka_castle_solo.jpg,tommy_osaka_castle_solo.jpg,1672x941,347723,NO,,
assets/tommy_parents_sukiyaki_actual.jpg,tommy_parents_sukiyaki_actual.jpg,1536x864,515370,NO,Tommy family dinner / eating with family image,/mnt/data/ghostwriter_images/context/a838df1b-7a33-59ba-995e-dda076a3b30c.png
assets/tommy_piano_living_room_actual.jpg,tommy_piano_living_room_actual.jpg,1672x941,661632,YES,Tommy parents house piano scene,/mnt/data/v5_7_15_tmp/tommy_secret/Tommy Secret Endings/094BCA36-F640-4A78-ADD6-BCDD5F7B2794.PNG
assets/tommy_planetarium_bg.jpg,tommy_planetarium_bg.jpg,1672x941,405632,NO,,
assets/tommy_planetarium_couple_latest.jpg,tommy_planetarium_couple_latest.jpg,1672x941,306383,NO,,
assets/tommy_planetarium_couple_wide.jpg,tommy_planetarium_couple_wide.jpg,1672x941,306383,YES,,
assets/tommy_planetarium_handhold_close.jpg,tommy_planetarium_handhold_close.jpg,1672x941,184208,NO,,
assets/tommy_planetarium_handhold_close_latest.jpg,tommy_planetarium_handhold_close_latest.jpg,1672x941,184208,NO,,
assets/tommy_planetarium_tommy_solo.jpg,tommy_planetarium_tommy_solo.jpg,1672x941,240356,NO,,
assets/tommy_prince_text_gloomy.jpg,tommy_prince_text_gloomy.jpg,1672x941,306575,YES,,
assets/tommy_rain_phone_wide.jpg,tommy_rain_phone_wide.jpg,1672x941,306575,NO,,
assets/tommy_ren_confession_station.jpg,tommy_ren_confession_station.jpg,1672x941,243160,NO,,
assets/tommy_ren_dodge_station.jpg,tommy_ren_dodge_station.jpg,1672x941,216721,NO,,
assets/tommy_texting_marcus_route.jpg,tommy_texting_marcus_route.jpg,1672x941,306575,NO,,
assets/tommy_true_ending_beach.jpg,tommy_true_ending_beach.jpg,1672x941,416366,YES,,
