asset_path,note
assets/a_cozy_bi,Referenced by index but not included in this patch assets folder; keep from existing project assets if already present.
assets/a_cozy_evening_offering_,Referenced by index but not included in this patch assets folder; keep from existing project assets if already present.
assets/a_large_collage_grid_of_portrait_,Referenced by index but not included in this patch assets folder; keep from existing project assets if already present.
assets/a_romantic_afternoon_walk_through_the_park.jpg,Referenced by index but not included in this patch assets folder; keep from existing project assets if already present.
assets/a_ten,Referenced by index but not included in this patch assets folder; keep from existing project assets if already present.
assets/a_warm_moment_in_the_city.jpg,Referenced by index but not included in this patch assets folder; keep from existing project assets if already present.
assets/airi_phone_call_,Referenced by index but not included in this patch assets folder; keep from existing project assets if already present.
assets/airi_texting_train_clo,Referenced by index but not included in this patch assets folder; keep from existing project assets if already present.
assets/aquarium_tunnel_,Referenced by index but not included in this patch assets folder; keep from existing project assets if already present.
assets/ca,Referenced by index but not included in this patch assets folder; keep from existing project assets if already present.
assets/calm_profe,Referenced by index but not included in this patch assets folder; keep from existing project assets if already present.
assets/campu,Referenced by index but not included in this patch assets folder; keep from existing project assets if already present.
assets/candlelit_ki,Referenced by index but not included in this patch assets folder; keep from existing project assets if already present.
assets/cherry_blo,Referenced by index but not included in this patch assets folder; keep from existing project assets if already present.
assets/chocolate,Referenced by index but not included in this patch assets folder; keep from existing project assets if already present.
assets/confident_,Referenced by index but not included in this patch assets folder; keep from existing project assets if already present.
assets/confident_elegance_in_neutral_tone,Referenced by index but not included in this patch assets folder; keep from existing project assets if already present.
assets/contemplating_the_city_light,Referenced by index but not included in this patch assets folder; keep from existing project assets if already present.
assets/contemplating_the_night_in_luxury.jpg,Referenced by index but not included in this patch assets folder; keep from existing project assets if already present.
assets/contemplation_in_dark_elegance.jpg,Referenced by index but not included in this patch assets folder; keep from existing project assets if already present.
assets/contemplative_evening_in_a_modern_work,Referenced by index but not included in this patch assets folder; keep from existing project assets if already present.
assets/contemplative_night_in_the_city.jpg,Referenced by index but not included in this patch assets folder; keep from existing project assets if already present.
assets/contemplative_night_in_urban_,Referenced by index but not included in this patch assets folder; keep from existing project assets if already present.
assets/contemplative_night_ride_in_the_city.jpg,Referenced by index but not included in this patch assets folder; keep from existing project assets if already present.
assets/cozy_,Referenced by index but not included in this patch assets folder; keep from existing project assets if already present.
assets/cozy_dinner_under_city_light,Referenced by index but not included in this patch assets folder; keep from existing project assets if already present.
assets/cozy_evening_coffee_,Referenced by index but not included in this patch assets folder; keep from existing project assets if already present.
assets/cozy_evening_cuddle_in_,Referenced by index but not included in this patch assets folder; keep from existing project assets if already present.
assets/cozy_evening_in_a_modern_apartment.jpg,Referenced by index but not included in this patch assets folder; keep from existing project assets if already present.
assets/cozy_evening_with_city_view,Referenced by index but not included in this patch assets folder; keep from existing project assets if already present.
assets/cozy_game_night_in_city_light,Referenced by index but not included in this patch assets folder; keep from existing project assets if already present.
assets/cozy_night_in_a_warm_kitchen.jpg,Referenced by index but not included in this patch assets folder; keep from existing project assets if already present.
assets/cozy_portrait_of_a_relaxed_man.jpg,Referenced by index but not included in this patch assets folder; keep from existing project assets if already present.
assets/doctor_in_ho,Referenced by index but not included in this patch assets folder; keep from existing project assets if already present.
assets/elegant_evening_,Referenced by index but not included in this patch assets folder; keep from existing project assets if already present.
assets/emotional_moment_at_minoo_,Referenced by index but not included in this patch assets folder; keep from existing project assets if already present.
assets/empty_japane,Referenced by index but not included in this patch assets folder; keep from existing project assets if already present.
assets/empty_o,Referenced by index but not included in this patch assets folder; keep from existing project assets if already present.
assets/evening_conver,Referenced by index but not included in this patch assets folder; keep from existing project assets if already present.
assets/fe,Referenced by index but not included in this patch assets folder; keep from existing project assets if already present.
assets/friend_te,Referenced by index but not included in this patch assets folder; keep from existing project assets if already present.
assets/golden_hour_,Referenced by index but not included in this patch assets folder; keep from existing project assets if already present.
assets/harri,Referenced by index but not included in this patch assets folder; keep from existing project assets if already present.
assets/hiro,Referenced by index but not included in this patch assets folder; keep from existing project assets if already present.
assets/hou,Referenced by index but not included in this patch assets folder; keep from existing project assets if already present.
assets/intimate_cafe_conver,Referenced by index but not included in this patch assets folder; keep from existing project assets if already present.
assets/inviting_,Referenced by index but not included in this patch assets folder; keep from existing project assets if already present.
assets/karaoke_vibe,Referenced by index but not included in this patch assets folder; keep from existing project assets if already present.
assets/kenji_final_walk_good_friend,Referenced by index but not included in this patch assets folder; keep from existing project assets if already present.
assets/kenji_quiet_,Referenced by index but not included in this patch assets folder; keep from existing project assets if already present.
assets/kenji_river,Referenced by index but not included in this patch assets folder; keep from existing project assets if already present.
assets/korean_re,Referenced by index but not included in this patch assets folder; keep from existing project assets if already present.
assets/kyoto_,Referenced by index but not included in this patch assets folder; keep from existing project assets if already present.
assets/marcu,Referenced by index but not included in this patch assets folder; keep from existing project assets if already present.
assets/melancholic_evening_in_a_cozy_room.jpg,Referenced by index but not included in this patch assets folder; keep from existing project assets if already present.
assets/menu_locked_,Referenced by index but not included in this patch assets folder; keep from existing project assets if already present.
assets/modern_,Referenced by index but not included in this patch assets folder; keep from existing project assets if already present.
assets/new_upload,Referenced by index but not included in this patch assets folder; keep from existing project assets if already present.
assets/noir_vibe,Referenced by index but not included in this patch assets folder; keep from existing project assets if already present.
assets/quiet_,Referenced by index but not included in this patch assets folder; keep from existing project assets if already present.
assets/quiet_evening_by_the_veranda.jpg,Referenced by index but not included in this patch assets folder; keep from existing project assets if already present.
assets/rainy_evening_at_the_train_,Referenced by index but not included in this patch assets folder; keep from existing project assets if already present.
assets/rainy_night_at_kyoto_,Referenced by index but not included in this patch assets folder; keep from existing project assets if already present.
assets/rainy_night_at_the_train_,Referenced by index but not included in this patch assets folder; keep from existing project assets if already present.
assets/rainy_night_embrace_in_the_car.jpg,Referenced by index but not included in this patch assets folder; keep from existing project assets if already present.
assets/rainy_night_romance_in_the_city.jpg,Referenced by index but not included in this patch assets folder; keep from existing project assets if already present.
assets/ren_,Referenced by index but not included in this patch assets folder; keep from existing project assets if already present.
assets/ren_cherry_blo,Referenced by index but not included in this patch assets folder; keep from existing project assets if already present.
assets/ren_fe,Referenced by index but not included in this patch assets folder; keep from existing project assets if already present.
assets/ren_ferri,Referenced by index but not included in this patch assets folder; keep from existing project assets if already present.
assets/ren_k_univer,Referenced by index but not included in this patch assets folder; keep from existing project assets if already present.
assets/ren_motorcycle_fe,Referenced by index but not included in this patch assets folder; keep from existing project assets if already present.
assets/ren_waiting_rainy_,Referenced by index but not included in this patch assets folder; keep from existing project assets if already present.
assets/river,Referenced by index but not included in this patch assets folder; keep from existing project assets if already present.
assets/romantic_,Referenced by index but not included in this patch assets folder; keep from existing project assets if already present.
assets/romantic_city_night_,Referenced by index but not included in this patch assets folder; keep from existing project assets if already present.
assets/romantic_city_night_out.jpg,Referenced by index but not included in this patch assets folder; keep from existing project assets if already present.
assets/romantic_dinner_with_city_light,Referenced by index but not included in this patch assets folder; keep from existing project assets if already present.
assets/romantic_dinner_with_city_view,Referenced by index but not included in this patch assets folder; keep from existing project assets if already present.
assets/romantic_evening_at_the_door,Referenced by index but not included in this patch assets folder; keep from existing project assets if already present.
assets/romantic_evening_by_the_river,Referenced by index but not included in this patch assets folder; keep from existing project assets if already present.
assets/romantic_evening_in_a_blooming_garden.jpg,Referenced by index but not included in this patch assets folder; keep from existing project assets if already present.
assets/romantic_evening_in_a_cozy_apartment.jpg,Referenced by index but not included in this patch assets folder; keep from existing project assets if already present.
assets/romantic_garden_party_glow.jpg,Referenced by index but not included in this patch assets folder; keep from existing project assets if already present.
assets/romantic_ki,Referenced by index but not included in this patch assets folder; keep from existing project assets if already present.
assets/romantic_night_drive_in_the_city.jpg,Referenced by index but not included in this patch assets folder; keep from existing project assets if already present.
assets/romantic_night_under_cherry_blo,Referenced by index but not included in this patch assets folder; keep from existing project assets if already present.
assets/romantic_night_under_the_rain.jpg,Referenced by index but not included in this patch assets folder; keep from existing project assets if already present.
assets/romantic_twilight_,Referenced by index but not included in this patch assets folder; keep from existing project assets if already present.
assets/romantic_twilight_ferri,Referenced by index but not included in this patch assets folder; keep from existing project assets if already present.
assets/romantic_wedding_in_a_japane,Referenced by index but not included in this patch assets folder; keep from existing project assets if already present.
assets/route_harri,Referenced by index but not included in this patch assets folder; keep from existing project assets if already present.
assets/route_hiro,Referenced by index but not included in this patch assets folder; keep from existing project assets if already present.
assets/route_marcu,Referenced by index but not included in this patch assets folder; keep from existing project assets if already present.
assets/route_ren.jpg,Referenced by index but not included in this patch assets folder; keep from existing project assets if already present.
assets/route_tommy.jpg,Referenced by index but not included in this patch assets folder; keep from existing project assets if already present.
assets/ten,Referenced by index but not included in this patch assets folder; keep from existing project assets if already present.
assets/the_long_goodbye_main_menu.jpg,Referenced by index but not included in this patch assets folder; keep from existing project assets if already present.
assets/tommy_bridal_,Referenced by index but not included in this patch assets folder; keep from existing project assets if already present.
assets/tommy_confe,Referenced by index but not included in this patch assets folder; keep from existing project assets if already present.
assets/tommy_fe,Referenced by index but not included in this patch assets folder; keep from existing project assets if already present.
assets/tommy_i,Referenced by index but not included in this patch assets folder; keep from existing project assets if already present.
assets/tommy_interrupt_dont_go_train_,Referenced by index but not included in this patch assets folder; keep from existing project assets if already present.
assets/tommy_mu,Referenced by index but not included in this patch assets folder; keep from existing project assets if already present.
assets/tommy_o,Referenced by index but not included in this patch assets folder; keep from existing project assets if already present.
assets/tommy_parent,Referenced by index but not included in this patch assets folder; keep from existing project assets if already present.
assets/tommy_planetarium_handhold_clo,Referenced by index but not included in this patch assets folder; keep from existing project assets if already present.
assets/tommy_planetarium_tommy_,Referenced by index but not included in this patch assets folder; keep from existing project assets if already present.
assets/tommy_ren_confe,Referenced by index but not included in this patch assets folder; keep from existing project assets if already present.
assets/tommy_ren_dodge_,Referenced by index but not included in this patch assets folder; keep from existing project assets if already present.
assets/tommy_texting_marcu,Referenced by index but not included in this patch assets folder; keep from existing project assets if already present.
assets/unexpected_vi,Referenced by index but not included in this patch assets folder; keep from existing project assets if already present.
assets/urban_night_vibe,Referenced by index but not included in this patch assets folder; keep from existing project assets if already present.
assets/warm_nighttime_portrait_in_cozy_apartment.jpg,Referenced by index but not included in this patch assets folder; keep from existing project assets if already present.
