asset_path,filename,dimensions,bytes,source_zip,source_filename,note,status
assets/route_start_ren.jpg,route_start_ren.jpg,1672x941,334900,Route Starts.zip,528E25DD-0B3F-4303-B89B-5B274D5141F7.PNG,Ren route start / doctor hallway,mapped
assets/route_start_harrison.jpg,route_start_harrison.jpg,1672x941,464359,Route Starts.zip,6BEF62ED-7B54-413F-9EE4-5370BE9F142F.PNG,Harrison route start,mapped
assets/route_start_kenji.jpg,route_start_kenji.jpg,1672x941,329791,Route Starts.zip,7ED30687-FF4F-4695-88FE-6BA6E69F652E.PNG,Kenji route start,mapped
assets/route_start_tommy.jpg,route_start_tommy.jpg,1672x941,473229,Route Starts.zip,B90CBCE3-4134-4E3E-92F3-8794029E5334.PNG,Tommy route start / Osaka Castle,mapped
assets/route_start_hiroshi.jpg,route_start_hiroshi.jpg,1672x941,618029,Route Starts.zip,D00879FA-A7A2-48F3-A434-9C1DC9ECA34E.PNG,Hiroshi route start,mapped
assets/route_start_marcus.jpg,route_start_marcus.jpg,1672x941,335652,Route Starts.zip,D1F0BC3D-9890-4311-BA16-1B49470D21C5.PNG,Marcus route start,mapped
assets/ren_doctor_hallway.jpg,ren_doctor_hallway.jpg,1672x941,334900,Route Starts.zip,528E25DD-0B3F-4303-B89B-5B274D5141F7.PNG,Ren doctor hallway replacement used for Ren intro/date portrait,mapped
assets/ren_motorcycle_pickup_kyoto.jpg,ren_motorcycle_pickup_kyoto.jpg,1672x941,568185,Ren Route.zip,259C29F2-BAC3-4A55-B539-B32C76D697B4.PNG,Ren motorcycle pickup,mapped
assets/ren_after_tommy_fight_motorcycle.jpg,ren_after_tommy_fight_motorcycle.jpg,1672x941,510800,Ren Route.zip,AE93FCAD-5BB0-43AD-A2DD-CD8A95028918.PNG,Ren after Tommy station motorcycle,mapped
assets/ren_motorcycle_after_tommy_station.jpg,ren_motorcycle_after_tommy_station.jpg,1672x941,510800,Ren Route.zip,AE93FCAD-5BB0-43AD-A2DD-CD8A95028918.PNG,Ren motorcycle after Tommy station,mapped
assets/ren_ferris_wheel_closeup_latest.jpg,ren_ferris_wheel_closeup_latest.jpg,1672x941,405342,Ren Route.zip,033EFE05-E114-48E9-9B9B-0103196A2379.PNG,Ren ferris closeup,mapped
assets/ren_ferris_wheel_close_new.jpg,ren_ferris_wheel_close_new.jpg,1672x941,624900,Ren Route.zip,221262FB-127E-4840-B766-033D88D19CB3.PNG,Ren ferris wheel couple,mapped
assets/ren_cherry_blossom_kiss_new.jpg,ren_cherry_blossom_kiss_new.jpg,1672x941,490977,Ren Route.zip,CDD93F58-5063-454F-A153-876138FCA3AB.PNG,Ren cherry blossom kiss new,mapped
assets/ren_cherry_blossom_kiss.jpg,ren_cherry_blossom_kiss.jpg,1672x941,500123,Ren Route.zip,EB329E0A-FACA-4C06-BCE1-A88F933E4968.PNG,Ren cherry blossom kiss,mapped
assets/ren_cherry_blossom_date_new.jpg,ren_cherry_blossom_date_new.jpg,1672x941,605508,Ren Route.zip,D499DBD4-5F72-4B79-A94B-4CF9F71A2474.PNG,Ren cherry blossom date,mapped
assets/ren_festival_solo_invite.jpg,ren_festival_solo_invite.jpg,1536x864,342945,Ren Route.zip,B41F6283-E4A6-46F8-9E29-C73EBE0E14B5.PNG,Ren solo invite / ferris alt,mapped
assets/ren_k_university_festival_girlfriend.jpg,ren_k_university_festival_girlfriend.jpg,1672x941,480183,Ren Route.zip,5B67009A-CFC7-4F26-B189-57A4F01E318F.PNG,K University festival girlfriend,mapped
assets/ren_sukiyaki_actual.jpg,ren_sukiyaki_actual.jpg,1672x941,459470,Ren Route.zip,53F774C6-FFAF-48C4-BF50-01DEB7CAFC08.PNG,Ren sukiyaki actual,mapped
assets/ren_sukiyaki_dinner.jpg,ren_sukiyaki_dinner.jpg,1672x941,459470,Ren Route.zip,53F774C6-FFAF-48C4-BF50-01DEB7CAFC08.PNG,Ren sukiyaki dinner,mapped
assets/ren_sukiyaki_dinner_latest.jpg,ren_sukiyaki_dinner_latest.jpg,1672x941,459470,Ren Route.zip,53F774C6-FFAF-48C4-BF50-01DEB7CAFC08.PNG,Ren sukiyaki dinner latest,mapped
assets/ren_serious_after_tommy_fight.jpg,ren_serious_after_tommy_fight.jpg,1672x941,331497,Ren Route.zip,817C800A-0148-457D-A538-B41C296B3C42.PNG,Ren serious doorway after Tommy,mapped
assets/ren_apartment_exterior_night.jpg,ren_apartment_exterior_night.jpg,1672x941,331497,Ren Route.zip,817C800A-0148-457D-A538-B41C296B3C42.PNG,Ren doorway/apartment night,mapped
assets/ren_cherry_blossom_date_alt.jpg,ren_cherry_blossom_date_alt.jpg,1672x941,555246,Ren Route.zip,827B5C2E-F419-4D70-AC9F-C006390E61BF.PNG,Ren cherry date alternate/raw extra,mapped
assets/tommy_parents_sukiyaki_actual.jpg,tommy_parents_sukiyaki_actual.jpg,1672x941,466432,Ren Route.zip,DF6AE7BD-3C40-4324-A15A-3ED45B40B62F.PNG,Tommy parents sukiyaki actual,mapped
assets/tommy_family_sukiyaki_pov.jpg,tommy_family_sukiyaki_pov.jpg,1672x941,466432,Ren Route.zip,DF6AE7BD-3C40-4324-A15A-3ED45B40B62F.PNG,Tommy family sukiyaki POV,mapped
assets/tommy_family_sukiyaki_wide_latest.jpg,tommy_family_sukiyaki_wide_latest.jpg,1672x941,466432,Ren Route.zip,DF6AE7BD-3C40-4324-A15A-3ED45B40B62F.PNG,Tommy family sukiyaki wide,mapped
assets/tommy_family_dinner_pov_latest.jpg,tommy_family_dinner_pov_latest.jpg,1672x941,466432,Ren Route.zip,DF6AE7BD-3C40-4324-A15A-3ED45B40B62F.PNG,Tommy family dinner POV,mapped
assets/new_uploads__ren_route_0048c428-f74c-4660-8833-34dcb7651e2e.jpg,new_uploads__ren_route_0048c428-f74c-4660-8833-34dcb7651e2e.jpg,1672x941,518084,Ren Route.zip,0048C428-F74C-4660-8833-34DCB7651E2E.PNG,Extra updated Ren Route image included but not directly remapped by existing target key,included_extra
assets/new_uploads__ren_route_221262fb-127e-4840-b766-033d88d19cb3_2.jpg,new_uploads__ren_route_221262fb-127e-4840-b766-033d88d19cb3_2.jpg,1672x941,624900,Ren Route.zip,221262FB-127E-4840-B766-033D88D19CB3 2.PNG,Extra updated Ren Route image included but not directly remapped by existing target key,included_extra
assets/new_uploads__ren_route_528e25dd-0b3f-4303-b89b-5b274d5141f7.jpg,new_uploads__ren_route_528e25dd-0b3f-4303-b89b-5b274d5141f7.jpg,1672x941,334900,Ren Route.zip,528E25DD-0B3F-4303-B89B-5B274D5141F7.PNG,Extra updated Ren Route image included but not directly remapped by existing target key,included_extra
assets/new_uploads__ren_route_9dcb7ed5-217a-487b-b10c-380b4d649f43.jpg,new_uploads__ren_route_9dcb7ed5-217a-487b-b10c-380b4d649f43.jpg,1672x941,355785,Ren Route.zip,9DCB7ED5-217A-487B-B10C-380B4D649F43.PNG,Extra updated Ren Route image included but not directly remapped by existing target key,included_extra
assets/new_uploads__ren_route_a2397ddf-75be-4a04-b5c6-99cd5f74db8f.jpg,new_uploads__ren_route_a2397ddf-75be-4a04-b5c6-99cd5f74db8f.jpg,1672x941,422382,Ren Route.zip,A2397DDF-75BE-4A04-B5C6-99CD5F74DB8F.PNG,Extra updated Ren Route image included but not directly remapped by existing target key,included_extra
assets/new_uploads__ren_route_cdb5e50b-7a93-42ba-9de4-f2520b9d3e2c.jpg,new_uploads__ren_route_cdb5e50b-7a93-42ba-9de4-f2520b9d3e2c.jpg,1672x941,388419,Ren Route.zip,CDB5E50B-7A93-42BA-9DE4-F2520B9D3E2C.PNG,Extra updated Ren Route image included but not directly remapped by existing target key,included_extra
assets/new_uploads__ren_route_e2564041-1e48-4ef0-807a-7eb81fca59ff.jpg,new_uploads__ren_route_e2564041-1e48-4ef0-807a-7eb81fca59ff.jpg,1672x941,778609,Ren Route.zip,E2564041-1E48-4EF0-807A-7EB81FCA59FF.PNG,Extra updated Ren Route image included but not directly remapped by existing target key,included_extra
assets/new_uploads__ren_route_ee2dd7ab-d40d-4825-9c08-ef7b4e600251_2.jpg,new_uploads__ren_route_ee2dd7ab-d40d-4825-9c08-ef7b4e600251_2.jpg,1672x941,546914,Ren Route.zip,EE2DD7AB-D40D-4825-9C08-EF7B4E600251 2.PNG,Extra updated Ren Route image included but not directly remapped by existing target key,included_extra
assets/new_uploads__ren_route_ee2dd7ab-d40d-4825-9c08-ef7b4e600251.jpg,new_uploads__ren_route_ee2dd7ab-d40d-4825-9c08-ef7b4e600251.jpg,1672x941,546914,Ren Route.zip,EE2DD7AB-D40D-4825-9C08-EF7B4E600251.PNG,Extra updated Ren Route image included but not directly remapped by existing target key,included_extra
