zip,folder,filename,rel,width,height,mode,bytes
Marcus Route.zip,Marcus Route,D9AF3A03-51B9-47AD-A0D8-C56BDFE43B29.PNG,Marcus Route/D9AF3A03-51B9-47AD-A0D8-C56BDFE43B29.PNG,1672,941,RGB,2509082
Marcus Route.zip,Marcus Route,22E8C2EB-9AB8-4A78-90FE-7F2D64851418.PNG,Marcus Route/22E8C2EB-9AB8-4A78-90FE-7F2D64851418.PNG,1672,941,RGB,3188551
Marcus Route.zip,Marcus Route,D1F0BC3D-9890-4311-BA16-1B49470D21C5.PNG,Marcus Route/D1F0BC3D-9890-4311-BA16-1B49470D21C5.PNG,1672,941,RGB,2592753
Marcus Route.zip,Marcus Route,A4B5EA6F-F508-46ED-8A90-D52EDC963F24.PNG,Marcus Route/A4B5EA6F-F508-46ED-8A90-D52EDC963F24.PNG,1672,941,RGB,3141647
Marcus Route.zip,Marcus Route,800C86AE-179C-4E1B-959D-32C36F66632B.PNG,Marcus Route/800C86AE-179C-4E1B-959D-32C36F66632B.PNG,1672,941,RGB,3147211
Marcus Route.zip,Marcus Route,413A810F-F89C-4FC1-A426-35A2B9D08010.PNG,Marcus Route/413A810F-F89C-4FC1-A426-35A2B9D08010.PNG,1672,941,RGB,2825450
Marcus Route.zip,Marcus Route,D2C4EBA1-9797-4390-8155-8B8C00A2D892.PNG,Marcus Route/D2C4EBA1-9797-4390-8155-8B8C00A2D892.PNG,1672,941,RGB,3044977
Marcus Route.zip,Marcus Route,EFE7DA3E-47F7-42CA-B6EE-210F5AAFE4C0.PNG,Marcus Route/EFE7DA3E-47F7-42CA-B6EE-210F5AAFE4C0.PNG,1672,941,RGB,3756360
Marcus Route.zip,Marcus Route,2FB7A0D6-683E-4CCE-9CAA-3BD5E98719B2.PNG,Marcus Route/2FB7A0D6-683E-4CCE-9CAA-3BD5E98719B2.PNG,1672,941,RGB,3137346
Marcus Route.zip,Marcus Route,7B9C78D9-A8E6-44A7-9F54-C58A0C53944D.PNG,Marcus Route/7B9C78D9-A8E6-44A7-9F54-C58A0C53944D.PNG,1672,941,RGB,2675740
Marcus Route.zip,Marcus Route,5955F3DC-0D9E-478C-87F7-9B1DEC39AD2C.PNG,Marcus Route/5955F3DC-0D9E-478C-87F7-9B1DEC39AD2C.PNG,1672,941,RGB,3327755
Marcus Route.zip,Marcus Route,64E351E6-B920-480E-93AA-EB2D7B116F18.PNG,Marcus Route/64E351E6-B920-480E-93AA-EB2D7B116F18.PNG,1672,941,RGB,3032608
Marcus Route.zip,Marcus Route,9035415A-1FC0-4A5A-8BD0-7959C2B24E06.PNG,Marcus Route/9035415A-1FC0-4A5A-8BD0-7959C2B24E06.PNG,1672,941,RGB,3489484
Marcus Route.zip,Marcus Route,9A51C76F-97A8-479F-B4D3-D75583FDDB1D.PNG,Marcus Route/9A51C76F-97A8-479F-B4D3-D75583FDDB1D.PNG,1672,941,RGB,3644249
Marcus Route.zip,Marcus Route,85B6C1BA-3374-41B8-B3FC-48FA39D78AA2.PNG,Marcus Route/85B6C1BA-3374-41B8-B3FC-48FA39D78AA2.PNG,1672,941,RGB,2975162
Marcus Route.zip,Marcus Route,860537FE-5E4F-4544-8E2C-896912AD0222.PNG,Marcus Route/860537FE-5E4F-4544-8E2C-896912AD0222.PNG,1672,941,RGB,2904472
Kenji Route.zip,Kenji Route,A17BFF1C-9501-45BE-ACF1-12B213A85434.PNG,Kenji Route/A17BFF1C-9501-45BE-ACF1-12B213A85434.PNG,1086,1448,RGB,3518952
Kenji Route.zip,Kenji Route,324F0295-16DD-4DDC-9F99-673FB2DA6C26.PNG,Kenji Route/324F0295-16DD-4DDC-9F99-673FB2DA6C26.PNG,1672,941,RGB,3091228
Kenji Route.zip,Kenji Route,BEB4D38B-F599-46B4-8ADC-1BCD10A105F6.PNG,Kenji Route/BEB4D38B-F599-46B4-8ADC-1BCD10A105F6.PNG,1672,941,RGB,2390416
Kenji Route.zip,Kenji Route,72D836FE-B62E-415E-9AD9-BD05D26B0923.PNG,Kenji Route/72D836FE-B62E-415E-9AD9-BD05D26B0923.PNG,1672,941,RGB,3564007
Kenji Route.zip,Kenji Route,3A8926C0-F530-4509-9865-9541FB421FD1.PNG,Kenji Route/3A8926C0-F530-4509-9865-9541FB421FD1.PNG,1672,941,RGB,3195294
Kenji Route.zip,Kenji Route,2DF959D8-756A-49FE-9E1D-521E9CE77580.PNG,Kenji Route/2DF959D8-756A-49FE-9E1D-521E9CE77580.PNG,1672,941,RGB,3772946
Kenji Route.zip,Kenji Route,5249BFFF-0497-4DDC-BE86-A648C4BBBEF6.PNG,Kenji Route/5249BFFF-0497-4DDC-BE86-A648C4BBBEF6.PNG,1536,1024,RGB,3300971
Kenji Route.zip,Kenji Route,307128FB-7CE4-48EF-9D06-661011DB49FE.PNG,Kenji Route/307128FB-7CE4-48EF-9D06-661011DB49FE.PNG,1672,941,RGB,3695195
Route Cards.zip,Route Cards,12611F88-F818-4EE5-B6AE-2457AAFE7508.PNG,Route Cards/12611F88-F818-4EE5-B6AE-2457AAFE7508.PNG,1122,1402,RGB,3071131
Route Cards.zip,Route Cards,1384F48E-20A4-488D-BB2B-BDCEFF3057ED.PNG,Route Cards/1384F48E-20A4-488D-BB2B-BDCEFF3057ED.PNG,1122,1402,RGB,3314063
Route Cards.zip,Route Cards,84260057-AA01-4E44-8936-794E72262445.PNG,Route Cards/84260057-AA01-4E44-8936-794E72262445.PNG,1122,1402,RGB,3126285
Route Cards.zip,Route Cards,17E24A3A-9B5A-4FD1-9222-A7B175A07B1A.PNG,Route Cards/17E24A3A-9B5A-4FD1-9222-A7B175A07B1A.PNG,1024,1536,RGB,2760098
Route Cards.zip,Route Cards,98399D85-4267-4544-8B3D-03F74309BFF6.PNG,Route Cards/98399D85-4267-4544-8B3D-03F74309BFF6.PNG,1122,1402,RGB,2791578
Route Cards.zip,Route Cards,C59A4FE0-83D5-4B9A-AE3A-0894B94CC5EC.PNG,Route Cards/C59A4FE0-83D5-4B9A-AE3A-0894B94CC5EC.PNG,1122,1402,RGB,3145016
Route Cards.zip,Route Cards,EFB57C44-EB1F-44E7-937E-98328B3F99F5.PNG,Route Cards/EFB57C44-EB1F-44E7-937E-98328B3F99F5.PNG,1122,1402,RGB,3100286
Route Cards.zip,Route Cards,6CEE69F5-B323-4DF6-9965-139A43CC1803.PNG,Route Cards/6CEE69F5-B323-4DF6-9965-139A43CC1803.PNG,1122,1402,RGB,2859080
Hiroshi Route.zip,Hiroshi Route,A8975A60-1558-465E-B48E-0DB9C4709C6B.PNG,Hiroshi Route/A8975A60-1558-465E-B48E-0DB9C4709C6B.PNG,1672,941,RGB,3189590
Hiroshi Route.zip,Hiroshi Route,20D03EF5-2B1E-47CE-A2C1-F1B9DD83BE49.PNG,Hiroshi Route/20D03EF5-2B1E-47CE-A2C1-F1B9DD83BE49.PNG,1672,941,RGB,3358126
Hiroshi Route.zip,Hiroshi Route,E66FB3CA-A9F0-4D4F-AEFF-3C81407E4B31.PNG,Hiroshi Route/E66FB3CA-A9F0-4D4F-AEFF-3C81407E4B31.PNG,1672,941,RGB,3186051
Hiroshi Route.zip,Hiroshi Route,B6D71A53-34E3-448C-81AC-2DC2DA9C4F72.PNG,Hiroshi Route/B6D71A53-34E3-448C-81AC-2DC2DA9C4F72.PNG,1672,941,RGB,3600736
Hiroshi Route.zip,Hiroshi Route,A5A3A02F-92AF-4513-9377-638D5120DAB1.PNG,Hiroshi Route/A5A3A02F-92AF-4513-9377-638D5120DAB1.PNG,1672,941,RGB,3138993
Hiroshi Route.zip,Hiroshi Route,FAC4798F-732C-42D9-A5AD-E6476206B387.PNG,Hiroshi Route/FAC4798F-732C-42D9-A5AD-E6476206B387.PNG,1672,941,RGB,3280867
Hiroshi Route.zip,Hiroshi Route,D15CE5F9-5F8D-4925-8AD4-7AF9157A3D2B.PNG,Hiroshi Route/D15CE5F9-5F8D-4925-8AD4-7AF9157A3D2B.PNG,1672,941,RGB,3760911
Hiroshi Route.zip,Hiroshi Route,E43BA122-3F3E-4B45-9DD6-CDED52D3DBCE.PNG,Hiroshi Route/E43BA122-3F3E-4B45-9DD6-CDED52D3DBCE.PNG,1672,941,RGB,3506463
Hiroshi Route.zip,Hiroshi Route,E5F507C7-98B7-42C4-B062-5FFA9726790B.PNG,Hiroshi Route/E5F507C7-98B7-42C4-B062-5FFA9726790B.PNG,1672,941,RGB,3130045
Hiroshi Route.zip,Hiroshi Route,F74CE549-57C3-4F9E-8AE0-0D6406327686.PNG,Hiroshi Route/F74CE549-57C3-4F9E-8AE0-0D6406327686.PNG,1672,941,RGB,3277376
Hiroshi Route.zip,Hiroshi Route,D00879FA-A7A2-48F3-A434-9C1DC9ECA34E.PNG,Hiroshi Route/D00879FA-A7A2-48F3-A434-9C1DC9ECA34E.PNG,1672,941,RGB,3715165
Hiroshi Route.zip,Hiroshi Route,F6934222-F3DE-4F0B-9A2F-F152DBA57329.PNG,Hiroshi Route/F6934222-F3DE-4F0B-9A2F-F152DBA57329.PNG,1672,941,RGB,3729212
Tommy Cheat.zip,Tommy Cheat,DBFBCBD8-4BBD-4A1C-9C0E-B7D6A64EF562.PNG,Tommy Cheat/DBFBCBD8-4BBD-4A1C-9C0E-B7D6A64EF562.PNG,1672,941,RGB,3678396
Tommy Cheat.zip,Tommy Cheat,8EB900E8-8B11-44F3-885D-F0740262445E.PNG,Tommy Cheat/8EB900E8-8B11-44F3-885D-F0740262445E.PNG,1672,941,RGB,3094824
Tommy Cheat.zip,Tommy Cheat,602F7B4D-C95B-4E26-86FC-79D931EFDB05.PNG,Tommy Cheat/602F7B4D-C95B-4E26-86FC-79D931EFDB05.PNG,1672,941,RGB,3706288
Tommy Cheat.zip,Tommy Cheat,CF784B47-BA6F-4305-987B-546C0CD87F02.PNG,Tommy Cheat/CF784B47-BA6F-4305-987B-546C0CD87F02.PNG,1672,941,RGB,3577708
Ren Route.zip,Ren Route,259C29F2-BAC3-4A55-B539-B32C76D697B4.PNG,Ren Route/259C29F2-BAC3-4A55-B539-B32C76D697B4.PNG,1672,941,RGB,3714796
Ren Route.zip,Ren Route,20D03EF5-2B1E-47CE-A2C1-F1B9DD83BE49.PNG,Ren Route/20D03EF5-2B1E-47CE-A2C1-F1B9DD83BE49.PNG,1672,941,RGB,3358126
Ren Route.zip,Ren Route,CDD93F58-5063-454F-A153-876138FCA3AB.PNG,Ren Route/CDD93F58-5063-454F-A153-876138FCA3AB.PNG,1672,941,RGB,3673011
Ren Route.zip,Ren Route,033EFE05-E114-48E9-9B9B-0103196A2379.PNG,Ren Route/033EFE05-E114-48E9-9B9B-0103196A2379.PNG,1672,941,RGB,3340560
Ren Route.zip,Ren Route,EB329E0A-FACA-4C06-BCE1-A88F933E4968.PNG,Ren Route/EB329E0A-FACA-4C06-BCE1-A88F933E4968.PNG,1672,941,RGB,3587841
Ren Route.zip,Ren Route,221262FB-127E-4840-B766-033D88D19CB3.PNG,Ren Route/221262FB-127E-4840-B766-033D88D19CB3.PNG,1672,941,RGB,2700427
Ren Route.zip,Ren Route,A2397DDF-75BE-4A04-B5C6-99CD5F74DB8F.PNG,Ren Route/A2397DDF-75BE-4A04-B5C6-99CD5F74DB8F.PNG,1672,941,RGB,3075338
Ren Route.zip,Ren Route,EE2DD7AB-D40D-4825-9C08-EF7B4E600251.PNG,Ren Route/EE2DD7AB-D40D-4825-9C08-EF7B4E600251.PNG,1672,941,RGB,3616084
Ren Route.zip,Ren Route,9DCB7ED5-217A-487B-B10C-380B4D649F43.PNG,Ren Route/9DCB7ED5-217A-487B-B10C-380B4D649F43.PNG,1672,941,RGB,3036928
Ren Route.zip,Ren Route,E2564041-1E48-4EF0-807A-7EB81FCA59FF.PNG,Ren Route/E2564041-1E48-4EF0-807A-7EB81FCA59FF.PNG,1672,941,RGB,3994760
Ren Route.zip,Ren Route,0C659BCE-BE1F-41A3-B61F-0BE986408B26.PNG,Ren Route/0C659BCE-BE1F-41A3-B61F-0BE986408B26.PNG,1672,941,RGB,3573907
Ren Route.zip,Ren Route,5B67009A-CFC7-4F26-B189-57A4F01E318F.PNG,Ren Route/5B67009A-CFC7-4F26-B189-57A4F01E318F.PNG,1672,941,RGB,3500431
Ren Route.zip,Ren Route,DF6AE7BD-3C40-4324-A15A-3ED45B40B62F.PNG,Ren Route/DF6AE7BD-3C40-4324-A15A-3ED45B40B62F.PNG,1672,941,RGB,3471377
Ren Route.zip,Ren Route,AE93FCAD-5BB0-43AD-A2DD-CD8A95028918.PNG,Ren Route/AE93FCAD-5BB0-43AD-A2DD-CD8A95028918.PNG,1672,941,RGB,3563309
Ren Route.zip,Ren Route,CDB5E50B-7A93-42BA-9DE4-F2520B9D3E2C.PNG,Ren Route/CDB5E50B-7A93-42BA-9DE4-F2520B9D3E2C.PNG,1672,941,RGB,3111497
Ren Route.zip,Ren Route,53F774C6-FFAF-48C4-BF50-01DEB7CAFC08.PNG,Ren Route/53F774C6-FFAF-48C4-BF50-01DEB7CAFC08.PNG,1672,941,RGB,3255476
Ren Route.zip,Ren Route,B41F6283-E4A6-46F8-9E29-C73EBE0E14B5.PNG,Ren Route/B41F6283-E4A6-46F8-9E29-C73EBE0E14B5.PNG,1536,864,RGB,2822810
Ren Route.zip,Ren Route,0048C428-F74C-4660-8833-34DCB7651E2E.PNG,Ren Route/0048C428-F74C-4660-8833-34DCB7651E2E.PNG,1672,941,RGB,2517636
Ren Route.zip,Ren Route,817C800A-0148-457D-A538-B41C296B3C42.PNG,Ren Route/817C800A-0148-457D-A538-B41C296B3C42.PNG,1672,941,RGB,2960133
Ren Route.zip,Ren Route,EE2DD7AB-D40D-4825-9C08-EF7B4E600251 2.PNG,Ren Route/EE2DD7AB-D40D-4825-9C08-EF7B4E600251 2.PNG,1672,941,RGB,3616084
Ren Route.zip,Ren Route,221262FB-127E-4840-B766-033D88D19CB3 2.PNG,Ren Route/221262FB-127E-4840-B766-033D88D19CB3 2.PNG,1672,941,RGB,2700427
Ren Route.zip,Ren Route,D499DBD4-5F72-4B79-A94B-4CF9F71A2474.PNG,Ren Route/D499DBD4-5F72-4B79-A94B-4CF9F71A2474.PNG,1672,941,RGB,3919600
Ren Route.zip,Ren Route,827B5C2E-F419-4D70-AC9F-C006390E61BF.PNG,Ren Route/827B5C2E-F419-4D70-AC9F-C006390E61BF.PNG,1672,941,RGB,3829471
Harrison Route.zip,Harrison Route,5C44E4C1-280D-4034-9988-54A84BF05118.PNG,Harrison Route/5C44E4C1-280D-4034-9988-54A84BF05118.PNG,1672,941,RGB,3299703
Harrison Route.zip,Harrison Route,D4BB3D79-D8E4-4C2D-8F71-CB6B5961371D.PNG,Harrison Route/D4BB3D79-D8E4-4C2D-8F71-CB6B5961371D.PNG,1672,941,RGB,3006373
Harrison Route.zip,Harrison Route,736B7749-43D8-4738-A5E6-AE45BFA23DFA.PNG,Harrison Route/736B7749-43D8-4738-A5E6-AE45BFA23DFA.PNG,1672,941,RGB,3144547
Harrison Route.zip,Harrison Route,8CC6E868-BA85-40A8-B3AC-64B2690DEA21.PNG,Harrison Route/8CC6E868-BA85-40A8-B3AC-64B2690DEA21.PNG,1672,941,RGB,4125562
Harrison Route.zip,Harrison Route,4E7A2D5A-6502-43DB-A3CF-1B09456C6571.PNG,Harrison Route/4E7A2D5A-6502-43DB-A3CF-1B09456C6571.PNG,1672,941,RGB,3609717
Harrison Route.zip,Harrison Route,99791623-6638-49DB-B6FF-3D72F99D78CA.PNG,Harrison Route/99791623-6638-49DB-B6FF-3D72F99D78CA.PNG,1672,941,RGB,3518231
Harrison Route.zip,Harrison Route,6BEF62ED-7B54-413F-9EE4-5370BE9F142F.PNG,Harrison Route/6BEF62ED-7B54-413F-9EE4-5370BE9F142F.PNG,1672,941,RGB,3415577
Harrison Route.zip,Harrison Route,23235DC9-7AD2-47C5-A217-AF6A6406DFD4.PNG,Harrison Route/23235DC9-7AD2-47C5-A217-AF6A6406DFD4.PNG,1672,941,RGB,3199806
Harrison Route.zip,Harrison Route,58343969-445E-412E-BB94-17ED785DFEAD.PNG,Harrison Route/58343969-445E-412E-BB94-17ED785DFEAD.PNG,1672,941,RGB,3182382
Harrison Route.zip,Harrison Route,8EEA28D4-C990-45C5-B3EC-14358C95AE05.PNG,Harrison Route/8EEA28D4-C990-45C5-B3EC-14358C95AE05.PNG,1672,941,RGB,3589064
Harrison Route.zip,Harrison Route,AE4AEE9B-3845-43D0-9542-3BA4CA1E89FB.PNG,Harrison Route/AE4AEE9B-3845-43D0-9542-3BA4CA1E89FB.PNG,1672,941,RGB,3911725
Harrison Route.zip,Harrison Route,5EFB25C4-044E-492F-92E6-E8085585528C.PNG,Harrison Route/5EFB25C4-044E-492F-92E6-E8085585528C.PNG,1672,941,RGB,3412100
Harrison Route.zip,Harrison Route,19069CFB-DE0E-499E-A00B-8BC9108760C7.PNG,Harrison Route/19069CFB-DE0E-499E-A00B-8BC9108760C7.PNG,1672,941,RGB,3311464
Harrison Route.zip,Harrison Route,51D8E614-AB0A-4331-B9C5-260BB1D268A6.PNG,Harrison Route/51D8E614-AB0A-4331-B9C5-260BB1D268A6.PNG,1672,941,RGB,3046308
Tommy Route.zip,Tommy Route,219DE3D9-93C7-455E-9314-3B8DEBD66E95.PNG,Tommy Route/219DE3D9-93C7-455E-9314-3B8DEBD66E95.PNG,1672,941,RGB,3080495
Tommy Route.zip,Tommy Route,C1F06DE6-4535-43D2-A0D3-9E2E2D8D1C83.PNG,Tommy Route/C1F06DE6-4535-43D2-A0D3-9E2E2D8D1C83.PNG,1672,941,RGB,3740400
Tommy Route.zip,Tommy Route,BD1A9007-2991-45F4-8205-A2783196A185.PNG,Tommy Route/BD1A9007-2991-45F4-8205-A2783196A185.PNG,1672,941,RGB,3561826
Tommy Route.zip,Tommy Route,B7DC1295-F772-48B7-97C8-E6CC0EB1C9B2.PNG,Tommy Route/B7DC1295-F772-48B7-97C8-E6CC0EB1C9B2.PNG,1672,941,RGB,4054377
Tommy Route.zip,Tommy Route,DE0B7F3A-4156-4C80-B793-C741B27CF5C6.PNG,Tommy Route/DE0B7F3A-4156-4C80-B793-C741B27CF5C6.PNG,1672,941,RGB,3795922
Tommy Route.zip,Tommy Route,CF0C89E3-6C6D-48CE-8CF8-6430406A51B0.PNG,Tommy Route/CF0C89E3-6C6D-48CE-8CF8-6430406A51B0.PNG,1672,941,RGB,2773720
Tommy Route.zip,Tommy Route,9C445CA3-9067-468A-91A5-F2ED2C36FC68.PNG,Tommy Route/9C445CA3-9067-468A-91A5-F2ED2C36FC68.PNG,1672,941,RGB,3675686
Tommy Route.zip,Tommy Route,84B9CB75-581F-4D79-985E-886F79D05924.PNG,Tommy Route/84B9CB75-581F-4D79-985E-886F79D05924.PNG,1672,941,RGB,3654852
Tommy Route.zip,Tommy Route,DE0B7F3A-4156-4C80-B793-C741B27CF5C6 2.PNG,Tommy Route/DE0B7F3A-4156-4C80-B793-C741B27CF5C6 2.PNG,1672,941,RGB,3795922
Tommy Route.zip,Tommy Route,D2D3BDCC-9A47-4B8F-9B36-522B7515D271.PNG,Tommy Route/D2D3BDCC-9A47-4B8F-9B36-522B7515D271.PNG,1672,941,RGB,2979411
Tommy Route.zip,Tommy Route,7981FEDC-8140-4263-A455-C037CB338817.PNG,Tommy Route/7981FEDC-8140-4263-A455-C037CB338817.PNG,1672,941,RGB,3740762
Tommy Route.zip,Tommy Route,52241680-5E6E-473D-83F7-79F2322DDB2C.PNG,Tommy Route/52241680-5E6E-473D-83F7-79F2322DDB2C.PNG,1672,941,RGB,3790040
Tommy Route.zip,Tommy Route,DB5D9F3B-FE4F-4B51-8117-15CCA8F95B8C.PNG,Tommy Route/DB5D9F3B-FE4F-4B51-8117-15CCA8F95B8C.PNG,1672,941,RGB,3361144
Tommy Route.zip,Tommy Route,89E3B5E5-E0B0-4F23-A462-011088520B33.PNG,Tommy Route/89E3B5E5-E0B0-4F23-A462-011088520B33.PNG,1672,941,RGB,3231931
Tommy Route.zip,Tommy Route,DF6AE7BD-3C40-4324-A15A-3ED45B40B62F.PNG,Tommy Route/DF6AE7BD-3C40-4324-A15A-3ED45B40B62F.PNG,1672,941,RGB,3471377
Tommy Route.zip,Tommy Route,48098740-C8E7-4A09-ACD2-7457C956E643.PNG,Tommy Route/48098740-C8E7-4A09-ACD2-7457C956E643.PNG,1672,941,RGB,3250923
Tommy Route.zip,Tommy Route,ECF82733-8974-4B27-B3CB-BF212D24D11C.PNG,Tommy Route/ECF82733-8974-4B27-B3CB-BF212D24D11C.PNG,1672,941,RGB,3741365
Tommy Route.zip,Tommy Route,5198EABA-0AD2-477A-8A0F-608C793890F0.PNG,Tommy Route/5198EABA-0AD2-477A-8A0F-608C793890F0.PNG,1672,941,RGB,3198882
Tommy Route.zip,Tommy Route,17677743-0078-4E11-A468-D2AD28923D28.PNG,Tommy Route/17677743-0078-4E11-A468-D2AD28923D28.PNG,1672,941,RGB,1918315
Tommy Route.zip,Tommy Route,60DA3960-8833-4199-AA82-17685EF7F740.PNG,Tommy Route/60DA3960-8833-4199-AA82-17685EF7F740.PNG,1672,941,RGB,3756440
Tommy Route.zip,Tommy Route,20427D0E-F253-49B4-96C5-BAF0A25DBA97.PNG,Tommy Route/20427D0E-F253-49B4-96C5-BAF0A25DBA97.PNG,1672,941,RGB,3650935
Tommy Route.zip,Tommy Route,7E27DA2F-A802-421B-BB7D-9EDDE8C017BA.PNG,Tommy Route/7E27DA2F-A802-421B-BB7D-9EDDE8C017BA.PNG,1672,941,RGB,2807575
Tommy Route.zip,Tommy Route,80593BE1-E488-42F8-B6DD-7D1EB62D4057.PNG,Tommy Route/80593BE1-E488-42F8-B6DD-7D1EB62D4057.PNG,1672,941,RGB,2847695
Tommy Route.zip,Tommy Route,A1E5F0E9-1346-4636-A7BC-030C3FF68A3D.PNG,Tommy Route/A1E5F0E9-1346-4636-A7BC-030C3FF68A3D.PNG,1672,941,RGB,3629179
Tommy Route.zip,Tommy Route,B3FB8962-7B09-4F36-871F-01B5D7AF4527.PNG,Tommy Route/B3FB8962-7B09-4F36-871F-01B5D7AF4527.PNG,1672,941,RGB,3760923
Tommy Route.zip,Tommy Route,A77CB9D6-F840-4D84-9B93-F8D9F1590F5C.PNG,Tommy Route/A77CB9D6-F840-4D84-9B93-F8D9F1590F5C.PNG,1672,941,RGB,3064763
Tommy Route.zip,Tommy Route,556D57D8-AB63-4625-A82A-F0A0BA232CB2.PNG,Tommy Route/556D57D8-AB63-4625-A82A-F0A0BA232CB2.PNG,1672,941,RGB,3109223
Tommy Route.zip,Tommy Route,3B4AB3E1-B5B9-454E-A9F3-D7A04DAD9A61.PNG,Tommy Route/3B4AB3E1-B5B9-454E-A9F3-D7A04DAD9A61.PNG,1672,941,RGB,3871146
Tommy Route.zip,Tommy Route,CFBD068B-0796-427D-ABF4-969B8F71C9A1.PNG,Tommy Route/CFBD068B-0796-427D-ABF4-969B8F71C9A1.PNG,1672,941,RGB,3751493
Tommy Route.zip,Tommy Route,9858A232-BB95-4B19-B4AD-35B1933830A8.PNG,Tommy Route/9858A232-BB95-4B19-B4AD-35B1933830A8.PNG,1672,941,RGB,3450532
Tommy Route.zip,Tommy Route,EBD7B39B-A9F9-457D-940D-5065741F26E9.PNG,Tommy Route/EBD7B39B-A9F9-457D-940D-5065741F26E9.PNG,1672,941,RGB,3649392
Tommy Route.zip,Tommy Route,98CBEAD8-0B1A-4806-8BBF-4078A0D07D5A.PNG,Tommy Route/98CBEAD8-0B1A-4806-8BBF-4078A0D07D5A.PNG,1672,941,RGB,3696245
Tommy Route.zip,Tommy Route,81DA32F1-C524-4973-A973-7AF29F93F718.PNG,Tommy Route/81DA32F1-C524-4973-A973-7AF29F93F718.PNG,1672,941,RGB,2561292
Tommy Interruptions.zip,Tommy Interruptions,tommy_rain_phone_wide.jpg,Tommy Interruptions/tommy_rain_phone_wide.jpg,1536,864,RGB,501801
Tommy Interruptions.zip,Tommy Interruptions,E17FC3FB-4706-435D-95CB-12AC31FE8DD3 2.PNG,Tommy Interruptions/E17FC3FB-4706-435D-95CB-12AC31FE8DD3 2.PNG,1672,941,RGB,2526288
Tommy Interruptions.zip,Tommy Interruptions,A5BF11DA-2196-4164-B260-72997AEC77C4.PNG,Tommy Interruptions/A5BF11DA-2196-4164-B260-72997AEC77C4.PNG,1672,941,RGB,2804669
Tommy Interruptions.zip,Tommy Interruptions,airi_tommy_room_wide.jpg,Tommy Interruptions/airi_tommy_room_wide.jpg,1536,864,RGB,459127
Tommy Interruptions.zip,Tommy Interruptions,E17FC3FB-4706-435D-95CB-12AC31FE8DD3.PNG,Tommy Interruptions/E17FC3FB-4706-435D-95CB-12AC31FE8DD3.PNG,1672,941,RGB,2526288
Tommy Interruptions.zip,Tommy Interruptions,DD90AE86-974B-4529-BD5A-6670F83F88F4.PNG,Tommy Interruptions/DD90AE86-974B-4529-BD5A-6670F83F88F4.PNG,1536,1024,RGB,2975732
Tommy Interruptions.zip,Tommy Interruptions,2A8575CC-8076-4D8A-9792-7B21CF8C4828.PNG,Tommy Interruptions/2A8575CC-8076-4D8A-9792-7B21CF8C4828.PNG,1672,941,RGB,3551196
Tommy Interruptions.zip,Tommy Interruptions,DF6AE7BD-3C40-4324-A15A-3ED45B40B62F.PNG,Tommy Interruptions/DF6AE7BD-3C40-4324-A15A-3ED45B40B62F.PNG,1672,941,RGB,3471377
Tommy Interruptions.zip,Tommy Interruptions,B9791E5F-A23B-447A-84A5-B88992C357F3.PNG,Tommy Interruptions/B9791E5F-A23B-447A-84A5-B88992C357F3.PNG,1672,941,RGB,2410222
Tommy Interruptions.zip,Tommy Interruptions,91C3441B-3B6F-4428-B064-BCE3FE061E71.PNG,Tommy Interruptions/91C3441B-3B6F-4428-B064-BCE3FE061E71.PNG,1672,941,RGB,2765812
Tommy Interruptions.zip,Tommy Interruptions,0EEC2AE7-EC7C-4269-8963-91B1412C2671.PNG,Tommy Interruptions/0EEC2AE7-EC7C-4269-8963-91B1412C2671.PNG,1672,941,RGB,3035512
Tommy Interruptions.zip,Tommy Interruptions,51DBC3AF-7775-4690-A93C-902E12CC647B.PNG,Tommy Interruptions/51DBC3AF-7775-4690-A93C-902E12CC647B.PNG,1672,941,RGB,2725510
Tommy Interruptions.zip,Tommy Interruptions,FCA4CDE4-EF52-4E7C-BE18-FB378673163A.PNG,Tommy Interruptions/FCA4CDE4-EF52-4E7C-BE18-FB378673163A.PNG,1672,941,RGB,3246178
Tommy Interruptions.zip,Tommy Interruptions,81DA32F1-C524-4973-A973-7AF29F93F718.PNG,Tommy Interruptions/81DA32F1-C524-4973-A973-7AF29F93F718.PNG,1672,941,RGB,2561292
Menu.zip,Menu,24133C11-6EDD-4F9D-8991-33D6D7EA0105.PNG,Menu/24133C11-6EDD-4F9D-8991-33D6D7EA0105.PNG,1672,941,RGB,3511720
Menu.zip,Menu,17E24A3A-9B5A-4FD1-9222-A7B175A07B1A.PNG,Menu/17E24A3A-9B5A-4FD1-9222-A7B175A07B1A.PNG,1024,1536,RGB,2760098
Menu.zip,Menu,B0632B78-5C00-4EC8-B2E8-22C6B3B9D212.PNG,Menu/B0632B78-5C00-4EC8-B2E8-22C6B3B9D212.PNG,1672,941,RGB,3410661
Menu.zip,Menu,98399D85-4267-4544-8B3D-03F74309BFF6.PNG,Menu/98399D85-4267-4544-8B3D-03F74309BFF6.PNG,1122,1402,RGB,2791578
Menu.zip,Menu,EA52CC44-073A-4D84-BBDD-E79F67FFC962.PNG,Menu/EA52CC44-073A-4D84-BBDD-E79F67FFC962.PNG,1672,941,RGB,3404550
Menu.zip,Menu,A1976A5E-AB44-4C7F-AC74-EE7D7A10A99B.PNG,Menu/A1976A5E-AB44-4C7F-AC74-EE7D7A10A99B.PNG,1672,941,RGB,3449608
